CRN,UNIT_NUM,TRL_SEQ_NUM,TRL_VEH_REG_STATE,TRL_VEH_TYPE_CD,TRL_VEH_TAG_NUM,TRL_VEH_TAG_YR
2019006003,2,0,ZZ,7.0,9999999999,9999.0
2020019418,1,0,ZZ,7.0,999999999999,9999.0
2019017653,2,0,TN,7.0,U794300,2020.0
2019018969,1,0,FL,7.0,TVA17F,2022.0
2019021652,3,0,IL,7.0,672699ST,2019.0
2019036543,2,0,NJ,7.0,TVN57B,2019.0
2019038083,1,0,ME,6.0,2835876,2019.0
2019043339,2,0,MS,7.0,374,2019.0
2019043878,1,0,ME,7.0,2824311,2016.0
2019049311,1,0,ZZ,7.0,999999999999,9999.0
2019062170,1,0,NJ,7.0,TRS42S,2017.0
2019070113,1,0,ME,7.0,2565609,2020.0
2019080229,1,0,,2.0,,
2019085786,3,0,OA,7.0,PT31627,2020.0
2019093331,1,0,MD,8.0,356573G,2020.0
2019098352,1,0,ZZ,7.0,999999999999,9999.0
2019121397,1,0,ZZ,7.0,999999999999,9999.0
2019133008,1,0,ZZ,7.0,999999999999,9999.0
2019008992,2,0,IL,7.0,662379ST,2003.0
2019013776,3,0,NY,7.0,BR75774,2019.0
2019018512,1,0,,8.0,,
2019021020,3,0,ME,7.0,2148306,2019.0
2020009287,2,0,ZZ,7.0,999999999999,9999.0
2019041508,2,0,IN,3.0,P507853,2019.0
2019041681,2,0,ME,7.0,2352718,2023.0
2019047046,3,0,ME,7.0,B746674,2013.0
2019050848,2,0,,1.0,,
2019055457,1,0,ZZ,7.0,999999999999,9999.0
2019055735,1,0,PA,7.0,PT424G9,2015.0
2019057109,3,0,PA,7.0,PT93806,2019.0
2019061161,2,0,IL,7.0,678047,2019.0
2019063552,2,0,IN,7.0,P762263,2019.0
2019073272,2,0,IL,7.0,615280ST,2017.0
2019074913,2,0,,2.0,,
2019075872,1,0,PA,1.0,OOO-OOO,2019.0
2019084433,1,0,PA,7.0,PT5939T,2019.0
2019084499,2,0,NE,7.0,10353W,2006.0
2019121434,1,0,ZZ,7.0,999999999999,9999.0
2019129883,1,0,GA,7.0,WIII319,2019.0
2019135156,1,0,NJ,7.0,TCC69Y,2019.0
2019135182,2,0,IN,7.0,P921127,2020.0
2019003598,1,0,ME,7.0,2060378,2015.0
2019008796,1,0,PA,7.0,XLB1268,2019.0
2019011219,2,0,PA,3.0,XFZ3811,2011.0
2020010189,2,0,ZZ,7.0,999999999999,9999.0
2020012041,4,0,NJ,7.0,TEH59J,2020.0
2020018888,1,0,OK,7.0,6111JY,2020.0
2019023195,1,0,PA,7.0,PT116D0,2019.0
2019029393,1,0,,9.0,,
2019045256,2,0,IN,7.0,2824488,2019.0
2019060674,1,0,IL,7.0,642263ST,2019.0
2019066580,1,0,ME,7.0,2495264,2022.0
2019074462,2,0,ME,1.0,5CT7242,2024.0
2019085496,3,0,NJ,7.0,TEH40J,2006.0
2019088832,5,0,NJ,7.0,29LT,2019.0
2019095994,1,0,PA,2.0,ZKA8580,2018.0
2019102065,1,0,ME,7.0,TLR 21-74044,2000.0
2019103321,1,0,ME,7.0,2651137,2022.0
2019109247,1,0,NE,7.0,13295W,2015.0
2019116362,1,0,TN,7.0,U037040,2099.0
2019128076,1,0,CA,7.0,4LJ6803,2020.0
2019133578,2,0,ZZ,7.0,999999999999,9999.0
2019027210,2,0,IN,7.0,P392648,2019.0
2019032433,1,0,ZZ,7.0,999999999999,9999.0
2019040681,1,0,ME,7.0,2827472,2018.0
2019054445,1,0,IN,7.0,P762369,2019.0
2019055726,1,0,PA,6.0,PT7305Z,2016.0
2019060962,1,0,IL,6.0,600097ST,2020.0
2019061170,1,0,ME,7.0,38TRL28929,2019.0
2019067415,2,0,ME,7.0,2365256,2016.0
2019067814,3,0,ME,7.0,203181D,2000.0
2019078039,1,0,,2.0,,
2019078604,2,0,KY,7.0,54092T,2020.0
2019079054,1,0,,8.0,,
2019082837,2,0,NJ,6.0,TTT79D,2019.0
2019091731,1,0,IN,7.0,P31513,2020.0
2019099010,2,0,NJ,7.0,TTM57G,2019.0
2019103716,1,0,ZZ,7.0,999999999999,9999.0
2019110077,4,0,MO,7.0,46A656,2020.0
2019119392,2,0,IL,7.0,633410ST,2017.0
2019129878,2,0,TN,7.0,U703224,2020.0
2019133188,1,0,VA,7.0,613016TL,2099.0
2019021652,2,0,PA,7.0,XDW0364,2019.0
2020011894,2,0,NJ,7.0,T23L3T,2019.0
2019029414,1,0,,9.0,,
2019038296,1,0,ME,7.0,3311784,2019.0
2019043390,2,0,NJ,7.0,TUD33U,2018.0
2019048830,1,0,ZZ,7.0,99999999,9999.0
2019049211,2,0,ZZ,7.0,999999999999,9999.0
2019054918,1,0,,2.0,,
2019063021,2,0,PA,8.0,KWD4370,2014.0
2019089616,1,0,VA,7.0,942694TL,2019.0
2019098358,2,0,ZZ,7.0,999999999999,9999.0
2019106959,1,0,PA,7.0,PT9278Z,2020.0
2019111183,1,0,ME,7.0,217864D,2021.0
2019121337,1,0,ZZ,7.0,999999999999,2019.0
2019002755,1,0,ZZ,7.0,9999999999,9999.0
2019015754,2,0,TN,7.0,U795422,2019.0
2019021560,2,0,ZZ,7.0,9999999999,9999.0
2019023860,2,0,OR,6.0,HV43616,2019.0
2019030728,1,0,NE,7.0,265796,2019.0
2019036289,1,0,ZZ,7.0,999999999999,9999.0
2019055842,2,0,IL,7.0,T508753,2002.0
2019065228,2,0,ZZ,7.0,UNKNOWN,2020.0
2019070467,1,0,TX,1.0,093C678,2018.0
2019073738,4,0,GA,3.0,TL8NK86,2020.0
2019074913,1,0,,2.0,,
2019096995,1,0,ME,7.0,2364337,2020.0
2019121418,2,0,MA,7.0,BHYXNQ,2020.0
2019123111,1,0,ZZ,7.0,999999999999,9999.0
2019123117,3,0,ME,7.0,3621265,2022.0
2020001199,2,0,PA,7.0,KLV7709,2020.0
2020007575,1,0,NJ,7.0,TKE84S,2019.0
2019028358,1,0,OK,7.0,3809KP,2020.0
2019031980,1,0,ZZ,3.0,999999999999,2019.0
2019037655,1,0,MO,7.0,8953PH,2019.0
2019045382,2,0,PA,7.0,PT106F1,2018.0
2019055339,2,0,ZZ,7.0,9999999999,9999.0
2019063054,1,0,ME,7.0,222118,2019.0
2019098478,2,0,ZZ,7.0,999999999999,9999.0
2019112373,2,0,ZZ,7.0,999999999999,9999.0
2019112451,1,0,FL,6.0,IE05NZ,2020.0
2019121301,1,0,IL,7.0,609553ST,2019.0
2019014326,1,0,TN,7.0,U488304,2019.0
2020011563,1,0,ZZ,7.0,999999999999,9999.0
2019032625,1,0,,3.0,,
2019035570,2,0,IN,7.0,P770024,2020.0
2019036272,1,0,NJ,8.0,TTZ78U,2019.0
2019047700,3,0,,1.0,,
2019050868,1,0,ZZ,7.0,999999999999,9999.0
2019060951,1,0,ZZ,7.0,999999999999,9999.0
2019071774,1,0,PA,7.0,PT617A9,2014.0
2019077484,2,0,NJ,7.0,TAZ56S,2019.0
2019078039,2,0,,2.0,,
2019082833,2,0,PA,7.0,XKR1629,2022.0
2019088520,2,0,,9.0,,
2019094171,2,0,PA,3.0,KJS4706,2019.0
2019095911,1,0,ZZ,7.0,999999999999,9999.0
2019105738,3,0,OK,7.0,1408KP,2017.0
2019107419,1,0,ME,7.0,22TLR1807A,2022.0
2019112364,2,0,OK,7.0,3942LR,2020.0
2019121373,1,0,OH,7.0,TRH3779,2020.0
2019121451,2,0,PA,6.0,PT1850V,2020.0
2019031930,1,0,OK,6.0,5793GL,2019.0
2019036543,1,0,PA,7.0,PT9629K,2019.0
2019036591,2,0,ZZ,7.0,999999999999,9999.0
2019040529,2,0,ZZ,7.0,99999999999,9999.0
2019041727,3,0,IL,7.0,622986ST,2017.0
2019045461,2,0,PA,8.0,000000,2019.0
2019068010,1,0,PA,7.0,UNKNOWN,2000.0
2019071312,2,0,PA,8.0,KTJ6652,2019.0
2019074690,1,0,PA,7.0,PT0877X,2020.0
2019075350,2,0,TN,6.0,T898647,2019.0
2019087904,1,0,NJ,3.0,TMD38Z,2019.0
2019088520,1,0,,9.0,,
2019090732,2,0,IN,6.0,396053,2019.0
2019093381,2,0,PA,6.0,368189Z,2020.0
2019101501,3,0,PA,7.0,PT8988X,2015.0
2019106873,1,0,PA,7.0,999999999999,2015.0
2019115102,2,0,PA,3.0,XKZ7532,2019.0
2019121284,1,0,PA,7.0,PT4151Z,2017.0
2019121374,1,0,TX,7.0,Y48933,2020.0
2020033345,1,0,PA,3.0,XLH4807,2014.0
2019022728,2,0,PA,7.0,PT8408Z,2019.0
2019024575,1,0,ME,6.0,3615321,2019.0
2019026947,2,0,PA,7.0,PT142E0,1999.0
2019036272,2,0,ME,8.0,2367953,2019.0
2019041727,1,0,ZZ,7.0,999999999999,9999.0
2019041727,2,0,ZZ,7.0,999999999999,9999.0
2019044180,2,0,,2.0,,
2019047849,2,0,ME,7.0,2455434,2019.0
2019056314,2,0,OK,6.0,2123IA,2019.0
2019074234,2,0,WI,7.0,999999999999,2020.0
2019074429,1,0,NC,7.0,AY11871,2002.0
2019079054,2,0,,8.0,,
2019080220,2,0,,7.0,,
2019094350,2,0,PA,7.0,PT9635K,2019.0
2019111645,1,0,PA,7.0,PT241H4,2019.0
2019126306,1,0,ME,7.0,2165781,2021.0
2019131274,1,0,NJ,7.0,TNN22L,2003.0
2019131464,1,0,ME,7.0,301668,2023.0
2019004373,2,0,ZZ,7.0,999999999999,9999.0
2020001352,2,0,PA,7.0,XDS1693,2020.0
2020008483,2,0,ZZ,7.0,999999999999,9999.0
2019024585,1,0,ZZ,7.0,999999999999,9999.0
2019027629,2,0,NY,3.0,BP14718,2017.0
2019038239,2,0,ZZ,7.0,999999999999,9999.0
2019041824,2,0,PA,3.0,XGC2093,2020.0
2019042830,2,0,NJ,7.0,TBN34P,2019.0
2019052168,1,0,PA,3.0,XLG5335,2000.0
2019053208,1,0,ME,7.0,2385973,2023.0
2019053574,1,0,ME,7.0,3020569,2030.0
2019054905,1,0,ZZ,7.0,999999999999,9999.0
2019056802,2,0,QC,7.0,RH4912H,2019.0
2019065679,2,0,ON,7.0,M9478V,2020.0
2019069618,1,0,IL,7.0,565440ST,2016.0
2019074119,1,0,ZG,7.0,8738927,2019.0
2019085464,2,0,NJ,6.0,AR613E,2019.0
2019088504,2,0,,3.0,,
2019089960,2,0,PA,7.0,PT526B8,2099.0
2019089998,2,0,MO,7.0,U595313,2016.0
2019110177,1,0,PA,7.0,PT252H5,2020.0
2019038099,3,0,IN,7.0,P590558,2019.0
2019038648,3,0,ZZ,7.0,999999999999,9999.0
2019041266,2,0,PA,7.0,PT176C9,2020.0
2019048802,2,0,PA,7.0,PT9300L,2099.0
2019049373,2,0,,6.0,,
2019049374,1,0,,8.0,,
2019069822,1,0,PA,3.0,XLY4613,2001.0
2019070066,2,0,PA,8.0,XGC2093,2019.0
2019081395,1,0,IN,6.0,P252540,2019.0
2019084176,4,0,PA,3.0,XS35997,2020.0
2019084670,1,0,ME,7.0,23TRL2589E,2019.0
2019085461,1,0,NJ,6.0,TKX83E,2020.0
2019088051,2,0,PA,8.0,XJX9223,2012.0
2019098748,2,0,MO,7.0,4928PE,2019.0
2019112334,2,0,PA,3.0,XJL3301,2019.0
2019120653,1,0,IN,7.0,P557521,2018.0
2019126424,2,0,ZZ,7.0,999999999999,9999.0
2019133900,1,0,ZZ,7.0,999999999999,9999.0
2019134028,2,0,PA,8.0,XKT1039,2019.0
2016016091,2,0,ME,7.0,1975024,2016.0
2016017045,1,0,ME,7.0,,
2016020140,1,0,PA,6.0,PT3019T,2016.0
2016028696,2,0,PA,1.0,HXY5319,2005.0
2016029809,1,0,,2.0,,
2016030826,1,0,ZZ,7.0,999999999999,9999.0
2016032106,2,0,ZZ,7.0,99999999999,9999.0
2016033096,2,0,,2.0,,
2016035697,1,0,PA,7.0,PT5191W,2016.0
2017007932,1,0,PA,1.0,550YH7,
2016043744,2,0,ME,7.0,197398B,9999.0
2016044555,1,0,ZZ,7.0,999999999999,9999.0
2016050036,1,0,ZZ,7.0,999999999999,9999.0
2016050515,2,0,PA,3.0,XJT1014,1991.0
2016061236,2,0,UT,7.0,2512453,2016.0
2016062769,2,0,TN,7.0,U649436,2016.0
2016070215,1,0,NE,7.0,14035W,2017.0
2016071203,2,0,NY,7.0,AF59503,2016.0
2016073656,1,0,IL,7.0,501847ST,2017.0
2016081014,2,0,TN,7.0,U161063,2017.0
2016083789,3,0,PA,1.0,31643216,2017.0
2016084206,2,0,ME,6.0,194238A,2017.0
2016084611,1,0,IN,7.0,G546340,2017.0
2016088576,1,0,NJ,7.0,TCK16Y,1999.0
2016092162,4,0,PA,7.0,XBF4477,2017.0
2016093093,4,0,PA,1.0,KDR6853,2017.0
2016093093,6,0,NJ,7.0,T65P6Y,2017.0
2016095543,2,0,OK,7.0,8492FZ,2040.0
2016096625,1,0,,1.0,,
2016107767,2,0,OH,7.0,TPX2008,2017.0
2016112151,2,0,NJ,7.0,TMD5Y8,2005.0
2016124799,1,0,IL,7.0,573293ST,9999.0
2016126144,2,0,PA,7.0,999999999999,9999.0
2016129653,2,0,IN,6.0,Z82880,2018.0
2016132877,2,0,NJ,7.0,TAV50K,2017.0
2016135301,1,0,PA,7.0,PT534C5,2017.0
2016014553,1,0,PA,7.0,PT1334Z,2016.0
2016022449,2,0,IL,7.0,5Y012S8,9999.0
2016027577,1,0,ZZ,7.0,999999999999,9999.0
2016034943,2,0,IL,7.0,423646ST,2085.0
2016041020,3,0,ZZ,7.0,999999999999,9999.0
2016047333,1,0,MB,7.0,TA3163,2020.0
2016050515,3,0,PA,7.0,PT21083,2006.0
2016052413,3,0,,7.0,,
2016053896,1,0,PA,7.0,PT0627P,1995.0
2016063977,1,0,,1.0,1,
2016066369,1,0,NY,7.0,2052C8,2018.0
2016066532,1,0,PA,6.0,XJX1437,2016.0
2016068730,2,0,PA,3.0,XGF8I0S,9999.0
2016085944,2,0,ME,7.0,I97LR8U4,9999.0
2016112197,1,0,,2.0,,
2016123710,3,0,FL,6.0,9475CQ,2017.0
2016132879,2,0,NE,7.0,17861,2001.0
2017003626,2,0,PA,3.0,8HZOUB,2017.0
2017003628,3,0,PA,7.0,PT2140P,2016.0
2016007870,2,0,KY,7.0,54087T,2014.0
2016010618,3,0,QC,7.0,L9938F,2016.0
2016022009,1,0,MI,7.0,D115232,9999.0
2016031441,3,0,OK,7.0,2179JW,2018.0
2016041436,1,0,ME,7.0,2253274,2013.0
2016043747,2,0,QC,7.0,RS28742,2016.0
2016048536,2,0,,9.0,,
2016051338,2,0,ME,7.0,2444625,2017.0
2016051393,1,0,,6.0,,
2016052992,2,0,,6.0,,
2016053237,1,0,ME,7.0,2066711,2020.0
2016061274,1,0,ME,7.0,271255A,2017.0
2016065650,2,0,NE,7.0,1889813,9999.0
2016080129,2,0,,7.0,,
2016080442,2,0,NE,7.0,252137,2016.0
2016081446,1,0,ZZ,7.0,999999999999,9999.0
2016082256,2,0,IN,7.0,P210191,2016.0
2016093891,2,0,GA,7.0,LE5902H,2017.0
2016094649,2,0,NJ,7.0,TNR18J,2016.0
2016096624,1,0,PA,7.0,999999999999,9999.0
2016099528,2,0,ZZ,7.0,999999999999,9999.0
2016105521,1,0,NJ,7.0,T0KDT,9999.0
2016126745,2,0,NJ,7.0,T71Y5C,2017.0
2016010957,2,0,IL,6.0,T194150,2016.0
2016014556,1,0,PA,7.0,PT1427Y,2015.0
2016028696,1,0,ME,7.0,184333B,1994.0
2016036524,2,0,ME,7.0,17-41793,2016.0
2016037597,1,0,ZZ,7.0,999999999999,9999.0
2016038448,1,0,FL,6.0,0752CR,2016.0
2016039659,2,0,,8.0,,
2016042339,2,0,,1.0,,
2016048690,1,0,ZZ,7.0,999999999999,9999.0
2016082442,2,0,IL,7.0,410068ST,2012.0
2016087687,1,0,,2.0,,
2016091955,1,0,TN,7.0,T484560,2002.0
2016103150,1,0,CA,7.0,4MN7930,2099.0
2016105927,1,0,PA,7.0,999999999999,9999.0
2016116102,2,0,ME,7.0,2548245,2025.0
2016126153,2,0,ZZ,7.0,999999999999,9999.0
2016135774,2,0,ZZ,7.0,999999999999,9999.0
2016023457,2,0,ID,7.0,TG1053,2016.0
2016028799,1,0,IL,7.0,545863ST,2016.0
2017005185,1,0,ZZ,7.0,873MSZ,9999.0
2016043588,2,0,TN,7.0,U267040,2016.0
2016050560,2,0,PA,7.0,MG0013E,2016.0
2016061240,2,0,,3.0,,
2016066210,1,0,TN,7.0,U431492,2016.0
2016066210,2,0,TN,7.0,T576370,2016.0
2016073660,2,0,DE,7.0,T41977,2018.0
2016080324,2,0,ZZ,7.0,999999999999,9999.0
2016082372,1,0,ZZ,7.0,999999999999,9999.0
2016093328,2,0,ME,7.0,2152268,2021.0
2016108610,2,0,,1.0,22S972I,
2016120403,2,0,ME,7.0,2648511,2011.0
2016135217,1,0,ZZ,7.0,999999999999,9999.0
2016014434,2,0,MI,7.0,0J6O82,
2016015925,1,0,IL,7.0,554290ST,2016.0
2016015925,2,0,NJ,7.0,TGR66H,2016.0
2016022758,1,0,PA,6.0,PT9368P,2011.0
2016027566,2,0,,1.0,,
2016033491,2,0,ZZ,7.0,999999999999,9999.0
2016036529,2,0,PA,8.0,W57I7,
2016038282,2,0,NJ,7.0,TCB33X,2017.0
2016039659,1,0,,8.0,,
2016040183,2,0,ME,7.0,28TLR11296,2016.0
2016050311,1,0,PA,7.0,PT2079Y,2016.0
2016053704,2,0,OK,6.0,3596LN,
2016061667,2,0,ZZ,7.0,999999999,9999.0
2016063973,1,0,,1.0,,
2016068983,1,0,PA,7.0,PT0894W,2012.0
2016080141,3,0,ZZ,7.0,999999999999,9999.0
2016105158,2,0,PA,6.0,XGX8111,2017.0
2016113892,2,0,SC,7.0,9988PT,2017.0
2016120513,2,0,PA,3.0,XHR44I,2017.0
2016127827,3,0,ZZ,7.0,999999999999,9999.0
2016129269,2,0,ZZ,7.0,999999999999,9999.0
2016129289,1,0,ZZ,7.0,999999999999,9999.0
2017005269,1,0,ZZ,7.0,999999999999,9999.0
2017020778,2,0,ZZ,7.0,999999999999,9999.0
2016007851,1,0,ZZ,7.0,999999999999,9999.0
2016017038,2,0,,7.0,,
2016019894,2,0,IN,7.0,P194619,9999.0
2016033096,1,0,,2.0,,
2016040636,2,0,PA,3.0,XGF8113,2011.0
2016043486,2,0,PA,7.0,XGV7035,2017.0
2016047807,1,0,ZZ,7.0,999999999999,9999.0
2016050298,3,0,PA,7.0,PT597A2,2017.0
2016060509,2,0,IN,7.0,SP347EEE,2016.0
2016060828,2,0,ME,7.0,17TR92678,9999.0
2016063471,2,0,ME,7.0,2452834,9999.0
2016066526,1,0,NJ,7.0,AS310C,2017.0
2016067855,1,0,IL,7.0,5M4ST,2017.0
2016070626,2,0,IN,7.0,P237322,2016.0
2016080606,2,0,PA,1.0,JPR7920,2016.0
2016082319,1,0,,9.0,,
2016087653,1,0,ZZ,7.0,999999999999,9999.0
2016090627,1,0,DE,3.0,T105193,2019.0
2016097717,1,0,PA,7.0,TIXZB9,9999.0
2016108107,2,0,ZZ,7.0,TXIRP,2017.0
2016117682,1,0,ZZ,7.0,999999999999,9999.0
2016117732,1,0,ME,7.0,999999999999,9999.0
2016128120,2,0,IL,7.0,T512354,2017.0
2016129346,1,0,ZZ,7.0,999999999999,9999.0
2016133060,2,0,NJ,7.0,TKS87P,2020.0
2016010352,1,0,IN,7.0,P426759,2016.0
2016013807,2,0,NJ,8.0,TP64ZP,
2016016586,3,0,NJ,7.0,TCC65Y,2016.0
2016021274,2,0,IN,7.0,P360294,2016.0
2016025367,3,0,ME,7.0,208661B,2016.0
2016030719,1,0,,2.0,,
2016033488,1,0,FL,7.0,9159CL,2016.0
2016065737,1,0,ZZ,7.0,999999999999,9999.0
2016065767,1,0,NC,7.0,AC64697,2016.0
2016066349,2,0,VA,6.0,706713,2017.0
2016066488,1,0,ZZ,7.0,999999999999,9999.0
2016083343,1,0,ZZ,7.0,999999999999,9999.0
2016097543,1,0,ME,7.0,1756408,2017.0
2016105711,2,0,ZZ,7.0,999999999999,9999.0
2016107353,2,0,PA,7.0,XJA6856,2017.0
2016111553,2,0,NE,7.0,251822,2017.0
2016112233,1,0,PA,1.0,JFDB43Z,
2016113955,2,0,PA,3.0,XFB8043,2009.0
2016137598,1,0,NJ,7.0,TAC52Z,2020.0
2016002707,3,0,ME,7.0,2076347,2020.0
2016014436,1,0,,7.0,,
2016025981,1,0,ZZ,7.0,999999999999,9999.0
2016029028,3,0,NJ,7.0,TMD67Z,2016.0
2016034983,2,0,ZZ,7.0,999999999999,9999.0
2016038285,2,0,PA,7.0,XV28127,2016.0
2016041074,1,0,ZZ,7.0,999999999999,9999.0
2016041423,1,0,ZZ,7.0,999999999999,9999.0
2016041424,1,0,PA,7.0,PT4087,9999.0
2016048551,1,0,,3.0,,
2016050560,1,0,ME,7.0,2628879,2016.0
2016052413,2,0,,7.0,,
2016058465,1,0,FL,6.0,8483CM,2006.0
2016061705,1,0,PA,6.0,PT2880X,2016.0
2016068652,2,0,PA,7.0,MG72I4H,2015.0
2016080730,2,0,,2.0,,
2016096346,2,0,NJ,7.0,TRV73Y,2016.0
2016099655,1,0,ZZ,7.0,999999999999,9999.0
2016105717,1,0,PA,3.0,MKE76IB,
2016110689,1,0,PA,3.0,XHD8851,2017.0
2016128121,1,0,IN,7.0,P404086,2016.0
2016129997,1,0,NJ,7.0,TPKYBH,2016.0
2016022608,2,0,PA,7.0,PT-4213F,2017.0
2016029774,1,0,NJ,7.0,TK859Z,9999.0
2016030713,2,0,PA,7.0,P779U4,9999.0
2016030719,2,0,,2.0,,
2016033860,2,0,ZZ,7.0,999999999999,9999.0
2016033889,2,0,,,UHRNZW3,
2016036497,1,0,ZZ,7.0,999999999999,9999.0
2016046298,3,0,NJ,7.0,T9G473,2017.0
2016048614,1,0,ZZ,7.0,999999999999,9999.0
2016049460,1,0,IL,7.0,794S198,2016.0
2016053817,1,0,,,C,
2016076363,1,0,OK,7.0,2242JW,2016.0
2016080494,4,0,IL,7.0,5210825T,9999.0
2016083795,1,0,ZZ,7.0,999999999999,9999.0
2016089558,3,0,NJ,7.0,T72R9P,2017.0
2016095470,1,0,ME,7.0,278164A,2016.0
2016096620,2,0,PA,7.0,PTJIDV,9999.0
2016105118,2,0,ME,7.0,285435Y,2017.0
2016112133,1,0,PA,3.0,XHZ50I6,2017.0
2016112160,2,0,ZZ,7.0,999999999999,9999.0
2016113462,1,0,ME,8.0,2619136,2016.0
2016114263,2,0,MN,7.0,0JO55C,2017.0
2016117778,2,0,,2.0,0IA,
2016120545,2,0,ZZ,7.0,999999999999,9999.0
2016126745,1,0,PA,7.0,PT3906T,2017.0
2016129346,2,0,,9.0,,
2016135569,1,0,,7.0,,
2016138462,2,0,NJ,7.0,THT90T,2018.0
2017005774,2,0,ZZ,7.0,999999999999,9999.0
2016010618,2,0,TN,7.0,T828140,2010.0
2016019778,2,0,PA,3.0,XGW0O2,9999.0
2016022608,1,0,PA,7.0,PT343A1,2017.0
2016028825,2,0,ME,7.0,2618186,2016.0
2016033498,1,0,OK,7.0,2022JT,2016.0
2016048665,2,0,ZZ,7.0,999999999999,9999.0
2016051296,1,0,PA,7.0,P766SSR,
2016051330,1,0,PA,7.0,PT4321N,2016.0
2016052387,1,0,,3.0,,
2016057312,1,0,IN,7.0,P331391,2016.0
2016058465,2,0,,1.0,,
2016058595,1,0,ZZ,7.0,999999999999,9999.0
2016058657,1,0,,1.0,,
2016063935,2,0,PA,1.0,JXW0151,2016.0
2016079283,1,0,CA,7.0,4GN2287,2030.0
2016080280,2,0,PA,7.0,PT-6127X,2016.0
2016097712,2,0,,,N,
2016011630,1,0,NJ,7.0,TJW59K,2016.0
2016013930,2,0,,7.0,,
2016019213,1,0,ZZ,7.0,999999999999,9999.0
2016021276,2,0,ME,7.0,20TLR60710,2016.0
2016022605,1,0,TN,7.0,U590860,2016.0
2016031068,1,0,PA,1.0,XHVB95,1992.0
2016031442,1,0,OR,7.0,HU12891,2016.0
2017005203,2,0,,2.0,,
2016040575,1,0,FL,7.0,9977CI,2016.0
2016040636,1,0,ME,7.0,194939A,2005.0
2016053818,1,0,ME,7.0,48002,9999.0
2016060827,2,0,TN,7.0,66ZSJW,1994.0
2016082226,1,0,ZZ,7.0,999999999999,9999.0
2016082258,2,0,,3.0,,
2016097712,3,0,,,1V,9999.0
2016108219,1,0,ZF,7.0,99999,2017.0
2016109058,2,0,ID,7.0,P040,2016.0
2016114406,2,0,PA,7.0,PT9851W,2014.0
2016119249,1,0,ZZ,7.0,999999999999,9999.0
2016119662,1,0,ZZ,7.0,999999999999,9999.0
2011017701,2,0,ME,6.0,1592925,2005.0
2010028703,2,0,PA,7.0,PT5707L,2020.0
2010029250,3,0,PA,1.0,GTC5026,2010.0
2010029609,2,0,PA,7.0,PT8203B,2010.0
2010031380,1,0,NJ,7.0,T79Z5J,2012.0
2010040119,2,0,NJ,7.0,TGC38E,2010.0
2010040548,3,0,,6.0,,
2010042419,1,0,PA,7.0,PT7829M,2010.0
2010048887,1,0,WI,6.0,S5I943,
2010049269,3,0,ME,7.0,1549314,2010.0
2010058748,2,0,PA,6.0,88IQH,
2010067818,1,0,IL,7.0,364278ST,2020.0
2010082549,1,0,ZZ,8.0,UNK,2010.0
2010111072,2,0,NJ,7.0,THP58X,2011.0
2010117956,2,0,,7.0,RE10730,2009.0
2010016783,2,0,ME,7.0,20158554,2011.0
2010018034,2,0,,7.0,NI2V,
2010019976,1,0,ME,7.0,1523470,2015.0
2010021677,1,0,KS,7.0,0I8BTB,
2010026297,3,0,NJ,7.0,5707L,2010.0
2010035529,1,0,MO,7.0,PX6417,2008.0
2010044806,2,0,,9.0,,
2010054968,1,0,PA,7.0,PT5438L,2011.0
2010060945,1,0,ME,7.0,1472547,2014.0
2010062008,1,0,,7.0,XCZM68Q,
2010069629,1,0,,7.0,1294629,
2010077962,2,0,ID,7.0,TA8078,2005.0
2010077970,1,0,IA,7.0,TG0356,2010.0
2010078919,2,0,PA,7.0,PT0896M,2012.0
2010093734,2,0,PA,7.0,PT5796R,
2010103304,1,0,OK,6.0,4631GH,2010.0
2010110903,1,0,,,W,
2010113507,1,0,,1.0,,
2010122514,1,0,PA,7.0,T89G5C,
2010125296,2,0,NJ,7.0,THU34G,2011.0
2011001732,3,0,,,6,
2010012022,2,0,TN,7.0,T951925,2010.0
2010017232,1,0,K,7.0,S046Y,
2010020466,1,0,NJ,7.0,T24F8B,2010.0
2010020468,1,0,ME,7.0,1160253,2011.0
2010021876,4,0,,8.0,,
2011046972,2,0,MI,7.0,A0785M,1999.0
2010028366,1,0,,9.0,,
2010029736,1,0,WV,7.0,C42686,2010.0
2010037211,2,0,PA,7.0,PT2393F,2099.0
2010068359,2,0,ZZ,6.0,999999999999,2010.0
2010080453,2,0,PA,7.0,PT1976F,9999.0
2010100910,2,0,,7.0,,
2010103949,2,0,,7.0,,
2010105103,1,0,,9.0,,
2010107696,1,0,PA,7.0,XCC5516,2006.0
2010110934,1,0,TX,7.0,Y23926,2011.0
2010125575,2,0,TN,6.0,T222026,2011.0
2010032651,2,0,,9.0,,
2010037538,2,0,MI,7.0,C107222,2010.0
2010040536,3,0,IL,7.0,8ZI9M9,
2010045494,1,0,ZZ,9.0,UNKNOWN,2099.0
2010046482,2,0,PA,7.0,PT0376G,2011.0
2010048928,2,0,OH,7.0,7770HB,
2010051282,1,0,IL,6.0,310042ST,2010.0
2010058039,1,0,IN,7.0,P201483,2010.0
2010062817,2,0,,8.0,,
2010069713,2,0,,7.0,XV95WX,
2010074545,1,0,,9.0,,
2010080448,1,0,ME,7.0,2812090,9999.0
2010081944,1,0,,1.0,NIA,
2010087553,1,0,ME,7.0,1458285,2014.0
2010088868,1,0,,6.0,,
2010091153,3,0,IL,7.0,296419ST,2010.0
2010099721,1,0,PA,7.0,8UH2QP,
2010105097,2,0,ZZ,2.0,HMC5996,2002.0
2010108299,2,0,ME,7.0,292139Z,9999.0
2010122366,1,0,,8.0,,
2010122576,2,0,,7.0,,
2010126973,1,0,NJ,7.0,TAS40M,2012.0
2010019342,1,0,NY,6.0,FRHT-999,2010.0
2010037968,1,0,PA,6.0,PT3213P,2010.0
2010041293,2,0,PA,7.0,PT4822P,2010.0
2010048781,1,0,,7.0,19863B,
2010058753,1,0,,1.0,,
2010088853,2,0,PA,7.0,4273Z,
2010092705,2,0,OK,6.0,2060BT,2010.0
2010094283,1,0,,7.0,,
2010095378,1,0,PA,7.0,PT4871K,9999.0
2010110038,1,0,TN,7.0,T7783321,9999.0
2011001093,2,0,,7.0,153Y258,
2010037966,3,0,ME,7.0,1570847,2015.0
2010039322,1,0,MN,6.0,I3I25I0,
2010047853,1,0,ME,7.0,12TLR94211,2011.0
2010052419,1,0,,8.0,G4X36Y6,
2010059195,2,0,PA,6.0,XT72972,2010.0
2010073722,2,0,NJ,7.0,TFT41E,2012.0
2010106580,1,0,MN,7.0,4119STC,2010.0
2010109703,2,0,ME,6.0,2127837,2010.0
2010005005,1,0,ME,7.0,B116780,2010.0
2011000944,2,0,IN,8.0,T46623I,
2011008379,1,0,,7.0,60798,
2010026581,1,0,MO,6.0,872597,2010.0
2010028115,1,0,TN,7.0,U5672S,
2011018104,2,0,ME,7.0,1663024,2016.0
2010033910,1,0,PA,3.0,XCV8243,2011.0
2010051530,1,0,PA,3.0,UNKNOWN,1999.0
2010052419,2,0,,8.0,,
2010069199,1,0,,,IVI,
2010077967,2,0,NJ,7.0,T39-V8R,2010.0
2010084575,2,0,,9.0,,
2010085603,1,0,MT,7.0,T39594,2008.0
2010086016,1,0,NJ,7.0,TFZ648,
2010090325,1,0,TN,6.0,T364461,2010.0
2010098511,3,0,ME,7.0,1633873,2013.0
2010123495,2,0,ME,7.0,12TLR80755,2011.0
2011000764,1,0,,7.0,T808576,
2011001730,1,0,NJ,7.0,THKWAB,
2010031745,2,0,NJ,7.0,T34G8H,2011.0
2010032805,3,0,,8.0,,
2010034195,2,0,,7.0,,
2010040380,1,0,NJ,7.0,TGP63C,2010.0
2010059661,2,0,,1.0,,
2010064753,2,0,ME,7.0,I4553B2,
2010081789,1,0,,9.0,,
2010104656,1,0,NJ,7.0,TDH92W,2011.0
2010105722,2,0,PA,6.0,MG9899B,9999.0
2010106350,2,0,PA,6.0,PT4814P,2003.0
2010115226,1,0,GA,7.0,TL7W469,2011.0
2010118029,1,0,,1.0,,
2010124589,1,0,ZF,7.0,UNK,2011.0
2010025054,1,0,IA,7.0,TC6174,2010.0
2011023479,2,0,ZZ,7.0,UNKNOWN,9999.0
2010033573,1,0,ZZ,7.0,999999999999,2099.0
2010037967,1,0,OK,6.0,8470FE,2005.0
2010052900,2,0,PA,7.0,PT66294,2099.0
2010060294,1,0,,7.0,WM1,
2010067064,1,0,,7.0,H2IO8,
2010070364,1,0,ME,7.0,B208299,2010.0
2010088924,1,0,,7.0,,
2010094723,1,0,ME,7.0,112719A,2010.0
2010098514,2,0,IN,6.0,P162165,2012.0
2010099738,2,0,PA,8.0,0YZ783,
2010102360,1,0,,7.0,,
2010103949,1,0,,7.0,,
2010121463,4,0,,9.0,,
2010026593,2,0,PA,6.0,NONE,2010.0
2010028339,2,0,,7.0,,
2010037963,1,0,OK,6.0,5588FA,2010.0
2010038762,2,0,,7.0,,
2010044307,3,0,TN,7.0,T595855,2011.0
2010063259,2,0,NJ,7.0,TGP40D,2099.0
2010069682,2,0,OK,7.0,2Y45GI,
2010070045,1,0,,3.0,PV5B9,
2010074835,1,0,,7.0,877I83,
2010089573,1,0,OR,7.0,HU39957,2010.0
2010091156,2,0,,9.0,,
2010099374,1,0,PA,6.0,XM39023,2011.0
2010122416,2,0,PA,3.0,J76Y3IJ,
2010122469,1,0,,7.0,010L,
2011000965,2,0,MO,7.0,63W6,
2010033293,1,0,NJ,7.0,TCZ44K,2014.0
2010047480,1,0,ZZ,7.0,99999,2099.0
2010048546,1,0,PA,7.0,M7IML,
2010048822,2,0,FL,1.0,CM041,9999.0
2010054964,1,0,,9.0,,
2010056556,1,0,PA,3.0,XV58924,2010.0
2010059635,2,0,,1.0,,
2010064668,1,0,TN,7.0,0Q77,
2010069247,2,0,PA,7.0,R6BHP,
2010073722,4,0,DE,7.0,T4311,2011.0
2010094125,2,0,,6.0,,
2010096129,1,0,NE,7.0,158986,9999.0
2010104299,1,0,OK,7.0,3786GW,2030.0
2010110903,2,0,F,,P,
2010113749,1,0,,7.0,,
2010113790,2,0,,7.0,,
2010118029,2,0,,1.0,,
2010118029,3,0,,1.0,,
2010118446,1,0,,8.0,00N2,
2010126978,2,0,NJ,7.0,TEG30P,2011.0
2010016930,2,0,PA,6.0,ITEDB,
2010019189,2,0,IL,7.0,285906ST,2010.0
2010028159,2,0,,1.0,,
2010049269,2,0,ZG,7.0,6628317,2010.0
2010067457,1,0,PA,3.0,XFB-1968,2011.0
2010074469,1,0,,7.0,,
2010075879,1,0,GA,6.0,LE3424,
2010083106,3,0,,6.0,XLL9LZ,
2010084190,2,0,PA,8.0,X00855,
2010090670,1,0,OH,7.0,TPG5019,2011.0
2010090810,1,0,PA,7.0,PT9584F,2011.0
2010093747,3,0,TN,7.0,R851660,2006.0
2010094167,2,0,PA,7.0,1731505,
2010099721,2,0,OK,7.0,Z63GLBP,
2010102400,1,0,PA,3.0,XCN77M,
2010104639,3,0,PA,7.0,XFS1482,2010.0
2010107052,1,0,OK,7.0,6991FH,9999.0
2010112750,2,0,PA,6.0,PT2212R,2010.0
2010115666,1,0,,7.0,,
2010121531,1,0,IL,7.0,T172301,9999.0
2014004713,1,0,NJ,3.0,TEX49T,2015.0
2015002668,2,0,ZZ,7.0,04GI9S,9999.0
2014025609,1,0,NJ,7.0,TJC40V,2014.0
2014026026,1,0,ME,7.0,18TLR36141,2014.0
2014027955,1,0,MS,3.0,00137R,2014.0
2014034156,1,0,ZZ,7.0,999999999999,9999.0
2014044264,2,0,PA,7.0,PT8259N,2099.0
2014059309,1,0,CA,7.0,4GUIYG5,9999.0
2014070688,2,0,ME,7.0,18TLR57080,2014.0
2014088792,2,0,PA,7.0,PTH8X,9999.0
2014092944,1,0,ME,7.0,16TLT71692,2015.0
2014098700,2,0,,1.0,,
2014100399,3,0,PA,6.0,MG4050E,2014.0
2014101386,1,0,TN,6.0,T9026,
2014106664,1,0,ZZ,7.0,999999999999,9999.0
2014121491,2,0,ZZ,7.0,U017021,2015.0
2014121624,2,0,NY,7.0,AS14056,2014.0
2014039110,1,0,NC,7.0,CB80596,2015.0
2014047196,1,0,FL,7.0,7560CK,2014.0
2014049484,2,0,ZZ,7.0,999999999999,9999.0
2014051764,2,0,ZZ,7.0,999999999999,9999.0
2014062765,1,0,MA,3.0,C34867,2014.0
2014065728,2,0,FL,3.0,BARV74,2014.0
2014081129,1,0,PA,6.0,PT4949W,2014.0
2014088300,1,0,IL,6.0,P839840,9999.0
2014088808,2,0,ZZ,7.0,999999999999,9999.0
2014090153,2,0,NJ,7.0,999999999999,9999.0
2014091400,1,0,ZZ,7.0,RT4I4JV,9999.0
2014092212,2,0,ZZ,9.0,UNKNOWN,2099.0
2014092224,1,0,ME,7.0,17TLR5542B,2015.0
2014101879,1,0,ME,7.0,1893951,2014.0
2014103202,1,0,TN,7.0,T535246,2099.0
2014119581,2,0,PA,7.0,PT2214R,2099.0
2014016475,2,0,NJ,6.0,T156VB,1988.0
2014019958,1,0,VA,7.0,444777TL,2014.0
2014020021,2,0,IN,7.0,P174523,2014.0
2014020681,1,0,ZZ,7.0,UNKNOWN,2014.0
2014020687,2,0,ME,7.0,164157A,2014.0
2014022828,2,0,ME,7.0,2419382,2014.0
2015028587,2,0,ZZ,7.0,999999999999,9999.0
2014029845,1,0,,8.0,,
2014034165,1,0,CA,7.0,4M930,9999.0
2014034169,1,0,ZZ,7.0,999999999999,9999.0
2014042273,1,0,ZZ,7.0,999999999999,9999.0
2014043458,2,0,ME,7.0,12TLR79272,2014.0
2014049587,2,0,ZZ,7.0,999999999999,9999.0
2014049660,1,0,ZZ,7.0,LE538O5,9999.0
2014049794,1,0,,9.0,,
2014049798,1,0,ZZ,7.0,999999999999,9999.0
2014059310,1,0,MA,8.0,I6I0XG,
2014075029,2,0,ME,6.0,B512056,2014.0
2014075218,2,0,PA,3.0,XZB898Y,9999.0
2014078359,1,0,OK,7.0,3079HB,2003.0
2014087906,1,0,NC,7.0,MMB6I,9999.0
2014087912,2,0,PA,3.0,XHH9983,2013.0
2014088966,1,0,,3.0,,
2014089427,1,0,ZZ,6.0,ZZZZZ,2099.0
2014096789,1,0,ZZ,7.0,999999999999,9999.0
2014103204,2,0,PA,6.0,PT2336Y,2015.0
2014110211,1,0,PA,7.0,PT0551P,9999.0
2014115040,2,0,ZZ,7.0,999999999999,9999.0
2014035827,2,0,PA,7.0,PT3861T,2020.0
2014053649,1,0,ME,7.0,1840506,2018.0
2014054513,3,0,ZZ,7.0,999999999999,9999.0
2014060736,1,0,ME,7.0,A73094,2014.0
2014074392,1,0,PA,7.0,PT9109X,2014.0
2014076767,2,0,OK,7.0,4648DD,2014.0
2014096827,2,0,OK,7.0,4406GH,2014.0
2014102692,1,0,IA,7.0,DA2847,2012.0
2014103206,1,0,ZZ,7.0,UNKNOWN,2014.0
2014108953,2,0,NE,7.0,182701,2015.0
2014123628,2,0,IL,7.0,292550ST,2015.0
2014125009,1,0,ZZ,7.0,999999999999,9999.0
2014125151,3,0,,9.0,,
2014019109,1,0,NY,7.0,2Z6OC5,9999.0
2014025606,1,0,OK,7.0,3539CQ,2010.0
2014031993,1,0,PA,7.0,PT3390M,9999.0
2014032374,2,0,TA,7.0,HMGSHP,9999.0
2014032661,1,0,OK,7.0,8785JP,2014.0
2014034900,1,0,PA,7.0,PT8443S,2099.0
2014039037,1,0,ZZ,7.0,156430,9999.0
2014049826,2,0,PA,1.0,LM27985,2006.0
2014051754,1,0,ZZ,7.0,999999999999,9999.0
2014068116,1,0,TN,7.0,T96HS5,9999.0
2014078860,1,0,TN,7.0,U2Y72M,2011.0
2014098697,3,0,ZZ,7.0,PTG143M,9999.0
2014100450,2,0,NC,7.0,AY67948,2015.0
2014107102,3,0,PA,7.0,PT9289C,2014.0
2014111436,2,0,ZZ,7.0,999999999999,9999.0
2014115618,2,0,ZZ,7.0,999999999999,9999.0
2014125063,2,0,,8.0,2YY89E,
2014002957,1,0,PA,3.0,XHD9702,2014.0
2014013566,3,0,NJ,7.0,TI4J6T,9999.0
2014019965,1,0,IN,6.0,P237934,14.0
2015009058,2,0,,1.0,1,
2014032469,1,0,PA,1.0,M920SE,9999.0
2014038923,1,0,TN,7.0,NZ0771661,
2014068282,2,0,PA,3.0,XDZ4944,2015.0
2014088712,2,0,ZZ,7.0,999999999999,9999.0
2014098661,4,0,PA,7.0,XZ38887,
2014118157,1,0,ME,7.0,1671816,9999.0
2014122030,2,0,ZZ,7.0,999999999999,9999.0
2014125032,1,0,ZZ,7.0,P773925,9999.0
2014025142,1,0,PA,8.0,MG9056D,2014.0
2014034130,1,0,,3.0,,
2014036048,1,0,IL,7.0,32747 ST,2014.0
2014072763,1,0,PA,7.0,PT0491L,2014.0
2014086579,2,0,PA,1.0,PT1787R,9999.0
2014088778,2,0,IL,7.0,999999999999,9999.0
2014104480,2,0,IL,7.0,T49827,9999.0
2014108488,1,0,MI,7.0,D014577,2014.0
2014124574,1,0,ME,7.0,17TRL6078B,2017.0
2014125008,2,0,NJ,3.0,TMJHL,9999.0
2014006398,1,0,TN,6.0,T737092,2014.0
2014021126,1,0,PA,8.0,XCN7117,2014.0
2014035830,2,0,NJ,6.0,TKX86E,2016.0
2014040903,2,0,NJ,6.0,T28K3E,2016.0
2014043078,1,0,PA,1.0,4X49ZBY,9999.0
2014044710,2,0,ZZ,7.0,999999999999,9999.0
2014050677,1,0,PA,7.0,PT8978X,2015.0
2014068276,2,0,ME,6.0,19TLR31889,2015.0
2014075303,2,0,TN,7.0,U149835,2014.0
2014084430,1,0,PA,3.0,XFTG6Y9,2014.0
2014095173,1,0,NY,7.0,AW14099,2014.0
2014096492,2,0,PA,3.0,PT5438W,2015.0
2014100544,2,0,ME,7.0,156402B,2015.0
2014103571,1,0,ZZ,7.0,999999999999,9999.0
2014106352,1,0,ME,6.0,1995618,2015.0
2014108500,2,0,PA,7.0,PT7935X,2014.0
2014111634,2,0,PA,7.0,PT3177V,2014.0
2014117795,1,0,NJ,7.0,TLC57W,2016.0
2014126756,3,0,PA,7.0,PT9648F,2068.0
2014127620,1,0,OR,7.0,HU90125,2015.0
2014005510,2,0,TN,7.0,U006728,2015.0
2014008293,2,0,ME,6.0,17TLR92528,2014.0
2014008296,1,0,ZZ,6.0,UNKNOWN,2099.0
2015030502,2,0,ZZ,7.0,999999999999,9999.0
2014025531,2,0,IN,7.0,B7547Q,9999.0
2014029867,2,0,ZZ,7.0,999999999999,9999.0
2014043062,2,0,ZZ,7.0,999999999999,9999.0
2014056551,1,0,TX,7.0,043C180,14.0
2014057073,2,0,NC,7.0,CB80597,2014.0
2014068189,2,0,ME,7.0,WODSS,9999.0
2014068662,1,0,ZZ,7.0,97I8KL,9999.0
2014073964,3,0,TN,7.0,U103546,2014.0
2014083857,1,0,ME,1.0,1985275,2015.0
2014091353,1,0,ZZ,7.0,999999999999,9999.0
2014095858,2,0,PA,3.0,MG6O68,
2014104463,2,0,ZZ,3.0,TLV46W,9999.0
2014104680,2,0,PA,7.0,PT6296R,2015.0
2014114318,1,0,NJ,7.0,TJU85W,2015.0
2014125161,3,0,ZZ,7.0,999999999999,9999.0
2014125225,1,0,IN,7.0,P84394,2005.0
2014125656,2,0,PA,7.0,PT4186H,2015.0
2014016057,1,0,IN,7.0,T62572,9999.0
2015002672,1,0,ZZ,7.0,999999999999,9999.0
2014025513,2,0,ZZ,7.0,999999999999,9999.0
2014030644,2,0,PA,7.0,PT2324P,2015.0
2014032365,1,0,ZZ,7.0,999999999999,9999.0
2014034221,4,0,ZZ,8.0,40KC,9999.0
2014042611,1,0,ZZ,7.0,999999999999,9999.0
2014049953,1,0,NJ,7.0,T930WR,2003.0
2014056736,2,0,OK,7.0,8275KH,2014.0
2014065575,1,0,MO,7.0,M6QPF,9999.0
2014080319,2,0,PA,6.0,PT1935W,2015.0
2014085479,1,0,PA,7.0,PT2505K,2015.0
2014088322,3,0,ZZ,7.0,999999999999,9999.0
2014103590,1,0,PA,3.0,XW87800,2017.0
2014106345,2,0,ME,7.0,1643975,2004.0
2014106789,2,0,ZZ,7.0,999999999999,9999.0
2014110535,2,0,OK,7.0,2595F2,2015.0
2014113808,1,0,ME,7.0,169753A,2016.0
2014122400,1,0,PA,3.0,XG2IU,199.0
2014125657,1,0,PA,7.0,PT9643K,2015.0
2014008301,2,0,NJ,7.0,T9U282,2014.0
2014016476,2,0,PA,7.0,PT7949P,2099.0
2014017127,2,0,PA,7.0,PT2805X,2014.0
2014025310,2,0,,8.0,,
2014025606,2,0,ME,7.0,1779460,2008.0
2014030281,2,0,,8.0,,
2014043023,1,0,ME,7.0,14TLR93384,9999.0
2014047612,2,0,IA,7.0,1278757,2015.0
2014049875,1,0,,9.0,ZY4C0G,
2014051186,1,0,ZG,7.0,8745521,2014.0
2014058103,1,0,MD,7.0,081509X,2016.0
2014062757,4,0,NJ,7.0,TGT80W,2018.0
2014076767,4,0,TN,7.0,U369393,2013.0
2014088989,1,0,ZZ,7.0,999999999999,9999.0
2014091009,1,0,ZZ,7.0,UNKNOWN,2099.0
2014091457,2,0,ZZ,7.0,P28Y27I,9999.0
2014101009,2,0,MD,7.0,037811X,2014.0
2014115104,1,0,MA,7.0,1HI1W5,9999.0
2014122022,2,0,ZZ,7.0,999999999999,9999.0
2014008172,12,0,TN,7.0,U109967,9999.0
2014014677,2,0,OH,7.0,TPZ7219,2014.0
2014024555,1,0,ZZ,7.0,999999999999,9999.0
2014025383,2,0,,3.0,,
2014029613,2,0,PA,6.0,XDH6283,2014.0
2014034614,2,0,ME,7.0,1949992,2014.0
2014042689,1,0,ZZ,7.0,999999999999,9999.0
2014045051,1,0,PA,6.0,PT8923S,2015.0
2014045609,1,0,PA,7.0,PT6472L,2016.0
2014056732,1,0,PA,8.0,XP77485,1999.0
2014061926,2,0,TN,7.0,008412T,2017.0
2014075303,1,0,PA,7.0,PT8608P,2014.0
2014081128,2,0,ME,7.0,1986105,2014.0
2014093243,1,0,TN,7.0,T441182,2014.0
2014102101,2,0,PA,7.0,PT6039W,2014.0
2014108500,1,0,ME,7.0,2637290,2015.0
2014113284,3,0,ZZ,7.0,999999999999,9999.0
2014116606,2,0,MX,7.0,1857375,2014.0
2014121622,1,0,ZZ,9.0,UNKNOWN,2015.0
2014126752,2,0,NJ,7.0,TMU38B,1999.0
2020011784,1,0,OK,7.0,2WL698,2020.0
2020015605,1,0,MD,7.0,081513X,2020.0
2020023646,1,0,ME,7.0,245798E,2021.0
2020024125,2,0,IL,7.0,625669ST,2019.0
2020030710,2,0,ME,7.0,223189E,2022.0
2020031445,4,0,PA,3.0,XKL9068,2018.0
2020031503,1,0,OR,7.0,HV40231,2021.0
2020038351,2,0,NJ,7.0,TWE99T,2020.0
2020038726,1,0,ME,7.0,21TLR39005,2021.0
2020040155,2,0,IN,7.0,P52485,2020.0
2020042431,2,0,NJ,7.0,TWZ50V,2021.0
2020045215,1,0,ME,7.0,232984G,2023.0
2020060683,1,0,WI,7.0,685751,2021.0
2020083240,2,0,NJ,7.0,TAD96A,2024.0
2020089103,1,0,PA,3.0,XN27331,2022.0
2020105881,1,0,ZZ,3.0,999999999999,2000.0
2020016624,1,0,DE,7.0,T45560,2021.0
2020020070,2,0,IN,7.0,P624602,2020.0
2020022366,1,0,ME,7.0,23TLR97658,2020.0
2020023259,3,0,ZZ,7.0,999999999999,9999.0
2020032327,1,0,MX,7.0,2592966,2020.0
2020035275,3,0,NJ,7.0,TVJ23F,2020.0
2020043956,1,0,IN,7.0,P839280,2020.0
2020044235,1,0,IN,7.0,P953107,2020.0
2020054125,2,0,IN,7.0,P767033,2020.0
2020057204,2,0,IL,7.0,T518366,2020.0
2020061135,1,0,ZZ,7.0,99999999999,9999.0
2020070629,1,0,ME,7.0,2937134,2015.0
2020083791,2,0,IN,7.0,P840549,2020.0
2020089968,1,0,TN,7.0,T753793,2020.0
2020097741,1,0,ME,6.0,217860D,2021.0
2020105506,2,0,ME,7.0,22TLR58930,9999.0
2020109702,1,0,NJ,7.0,TVB87M,2022.0
2020004215,2,0,TN,7.0,T715779,2020.0
2020017414,2,0,PA,1.0,JXB7477,2020.0
2020027231,2,0,NJ,7.0,TVU79H,2020.0
2020027385,2,0,ZZ,7.0,999999999999,9999.0
2020032053,2,0,IL,7.0,477430ST,2020.0
2020037328,2,0,IL,7.0,T481130,9999.0
2020039871,2,0,VA,1.0,921595TL,2020.0
2020058848,1,0,ZZ,7.0,999999999999,2020.0
2020060194,1,0,ID,7.0,TL3459,2020.0
2020062830,1,0,IN,7.0,999999999999,2018.0
2020065189,2,0,NJ,7.0,TWC37D,2099.0
2020076740,1,0,IN,7.0,P736358,2020.0
2020080431,2,0,PA,1.0,HWZ8925,2018.0
2020090864,1,0,PA,9.0,MG5994L,2020.0
2020105500,2,0,PA,6.0,9896409,2021.0
2020110921,2,0,PA,7.0,YTB0735,2021.0
2020113051,2,0,PA,7.0,PT494G3,2021.0
2020037537,1,0,IL,7.0,695658ST,2020.0
2020039847,1,0,ZZ,7.0,999999999999,9999.0
2020046782,1,0,WI,7.0,T6248R,2020.0
2020059357,2,0,OK,6.0,9463L0,2020.0
2020059855,2,0,PA,3.0,XLG2175,2020.0
2020067666,2,0,IL,7.0,712481ST,2022.0
2020073377,1,0,NJ,6.0,TKN45F,2021.0
2020078619,3,0,TN,7.0,U742108,2018.0
2020084163,2,0,PA,7.0,999999999999,2020.0
2020087001,1,0,ME,7.0,2360833,2023.0
2020089268,2,0,TN,7.0,U722931,2013.0
2020096712,2,0,PA,7.0,XMB7564,2020.0
2020112977,2,0,IL,7.0,T489097,2013.0
2020008749,2,0,AZ,7.0,85611F,2020.0
2020010018,2,0,NJ,7.0,TPV63B,2020.0
2020018894,2,0,ZZ,7.0,9999999999,9999.0
2020028432,1,0,PA,3.0,PT256H5,2020.0
2020034046,2,0,ZZ,7.0,999999999999,9999.0
2020035441,2,0,NJ,7.0,TFT73P,1999.0
2020063233,1,0,NJ,7.0,TUK39U,2021.0
2020086807,1,0,DE,7.0,T5171,2021.0
2020089535,2,0,PA,3.0,PT095E3,2021.0
2020091254,2,0,PA,7.0,PT230C7,2020.0
2020091635,3,0,CA,7.0,HV20423,2018.0
2020094025,1,0,IL,7.0,T543199,2019.0
2020108031,2,0,IL,7.0,669762,2018.0
2020002460,1,0,ZZ,7.0,999999999999,9999.0
2020010544,2,0,OK,7.0,2883GU,2020.0
2020014641,2,0,PA,7.0,XLS5230,2020.0
2020019697,1,0,PA,7.0,XHS3518,2020.0
2020020021,1,0,ZZ,,,
2020020206,1,0,NJ,7.0,TDS14X,2020.0
2020020846,1,0,NJ,7.0,H38JVX,2020.0
2020028450,1,0,ME,7.0,2944821,2015.0
2020036591,1,0,IL,7.0,644359ST,2011.0
2020038930,1,0,ID,7.0,TN2192,2020.0
2020045265,2,0,SC,3.0,37924PT,2017.0
2020045321,2,0,FL,7.0,7086CL,2020.0
2020047383,2,0,TN,7.0,U541597,2022.0
2020053994,1,0,ZZ,7.0,999999999999,9999.0
2020059436,2,0,TN,7.0,015992T,2020.0
2020076753,2,0,PA,7.0,PT258113,2021.0
2020080640,1,0,ME,6.0,36TLR2755Z,2016.0
2020086213,2,0,LA,7.0,J722608,2019.0
2020089093,1,0,ME,7.0,2376306,2021.0
2020104796,2,0,PA,7.0,PT238J4,1999.0
2021004307,2,0,ME,7.0,245304F,2021.0
2020013218,1,0,ZZ,7.0,999999999999,9999.0
2020018878,2,0,PA,1.0,BA69023,2020.0
2020019627,3,0,OR,7.0,HV28184,2019.0
2020050262,2,0,ZZ,7.0,999999999999,9999.0
2020058955,2,0,PA,7.0,XJE4554,2020.0
2020076584,2,0,ME,7.0,2568949,2025.0
2020077878,1,0,PA,6.0,XLN8737,2019.0
2020094376,1,0,PA,7.0,PT963J7,2020.0
2020097413,1,0,TN,7.0,U356742,2020.0
2020097733,2,0,ME,7.0,244052Z,2020.0
2020103832,2,0,PA,7.0,PT172E7,2021.0
2020108338,2,0,VA,7.0,386092TL,2099.0
2020109312,1,0,ME,7.0,2915349,2029.0
2020113988,2,0,IN,7.0,P783197,2020.0
2020005205,1,0,OH,7.0,,2020.0
2020059430,1,0,OK,7.0,CC3992,2021.0
2020060502,4,0,MD,7.0,763084G,2000.0
2020060512,1,0,IL,7.0,698056ST,2020.0
2020076228,2,0,NC,7.0,AH12838,2020.0
2020077972,2,0,TN,7.0,U338156,2020.0
2020086178,1,0,PA,7.0,PT851B7,2020.0
2020089878,2,0,PA,7.0,PT9390K,2020.0
2020103321,1,0,CT,6.0,AZ84154,2020.0
2021006259,3,0,PA,7.0,PT605B9,2020.0
2020013767,2,0,PA,7.0,PT65762,2019.0
2020027259,1,0,PA,6.0,XLT3213,2025.0
2020027281,2,0,TN,7.0,T803983,2099.0
2020027443,1,0,PA,7.0,PT4287V,2020.0
2020028566,1,0,PA,7.0,AG38409,2016.0
2020034812,1,0,PA,8.0,LHL1939,2005.0
2020035014,1,0,PA,2.0,ZNY3794,2020.0
2020040493,1,0,MX,7.0,2470617,2023.0
2020041690,1,0,PA,7.0,PT6100V,2020.0
2020050079,1,0,NJ,7.0,TNH41B,2020.0
2020050507,2,0,OR,7.0,HU99967,2016.0
2020057749,2,0,IN,7.0,P854725,2021.0
2020058077,2,0,PA,7.0,PT0576T,2012.0
2020058961,1,0,VA,7.0,842938TL,2008.0
2020060632,1,0,ME,7.0,441504Z,2020.0
2020068439,2,0,PA,7.0,,2020.0
2020069893,1,0,TN,7.0,U199504,
2020083791,1,0,TN,7.0,U960145,2018.0
2020109371,2,0,ME,7.0,2444196,2021.0
2020012435,2,0,ZZ,7.0,999999999999,9999.0
2020024410,2,0,PA,7.0,XKE2189,2020.0
2020031188,2,0,IN,7.0,P794401,2023.0
2020031281,2,0,ZZ,7.0,999999999999,9999.0
2020036586,1,0,TN,7.0,731385,2020.0
2020039828,1,0,FL,7.0,9177CJ,2012.0
2020047380,1,0,PA,7.0,1724STP,2021.0
2020048413,2,0,ZZ,7.0,999999999999,9999.0
2020052213,2,0,ZZ,7.0,999999999999,9999.0
2020055592,1,0,IL,7.0,T523853,2018.0
2020059121,2,0,PA,7.0,PT7866R,2020.0
2020059467,2,0,TN,7.0,U787695,2020.0
2020072490,1,0,IN,7.0,P999916,2020.0
2020087339,1,0,ON,7.0,J4710T,2020.0
2020087792,2,0,PA,6.0,XJW9512,2020.0
2020092330,4,0,DE,6.0,XP820949,2020.0
2020092387,1,0,PA,1.0,999999999999,1984.0
2020101208,2,0,PA,7.0,PT819D2,2021.0
2021009271,1,0,NJ,3.0,TUT709,2021.0
2021008153,2,0,PA,8.0,XCG7493,2020.0
2020014570,1,0,ME,7.0,2211970,2000.0
2020016407,2,0,MI,7.0,D175489,2020.0
2020024123,1,0,IN,7.0,P645489,2020.0
2020024963,2,0,PA,7.0,PT800D8,2018.0
2020025493,2,0,TN,7.0,U785539,2020.0
2020036882,2,0,PA,6.0,PT265BO,2020.0
2020046706,1,0,NC,7.0,AF80339,2021.0
2020057211,2,0,IN,7.0,SP609RAK,2020.0
2020059206,1,0,PA,7.0,PT460B7,2021.0
2020059485,2,0,PA,7.0,PT639G7,2020.0
2020075167,2,0,DE,7.0,T6214,2020.0
2020076652,1,0,ON,7.0,S20-72A,2012.0
2020091635,2,0,ME,7.0,27-6142D,2000.0
2020101882,2,0,NE,7.0,15210W,2020.0
2020103603,2,0,NC,7.0,T718590,2018.0
2020019709,2,0,VA,7.0,970376TL,2020.0
2020030029,2,0,LA,7.0,L333634,2020.0
2020032321,1,0,SC,7.0,P764821,2020.0
2020051730,3,0,ZZ,7.0,999999999999,9999.0
2020052084,2,0,IN,7.0,P451567,2021.0
2020079601,1,0,TN,7.0,T684366,2099.0
2017002636,1,0,ME,6.0,20TLR78939,2020.0
2017037054,2,0,PA,6.0,PT0750V,2015.0
2017041403,2,0,,9.0,,
2017045428,5,0,ME,7.0,191942107,2017.0
2017052381,2,0,ZZ,7.0,999999999999,9999.0
2017067577,2,0,ME,7.0,198945C,2019.0
2017088947,2,0,ZZ,7.0,999999999999,9999.0
2017093557,2,0,PA,7.0,8S8O9W,9999.0
2017096246,2,0,ME,7.0,2172402,2018.0
2017116090,2,0,ZZ,7.0,99999999999,9999.0
2017118386,2,0,ZZ,7.0,999999999999,9999.0
2017120698,2,0,ZZ,7.0,999999999999,9999.0
2017130595,2,0,PA,9.0,XKS1010,2018.0
2017130678,1,0,NJ,7.0,TFL80P,9999.0
2018001099,3,0,PA,7.0,ZFA6410,2018.0
2018004619,3,0,ZZ,7.0,999999999999,9999.0
2018009814,2,0,PA,7.0,PT542C2,2018.0
2018026805,1,0,,4.0,,
2018027553,2,0,,3.0,,
2018027554,2,0,,9.0,,
2017028575,2,0,FL,3.0,GDX550,2017.0
2017043851,2,0,PA,7.0,P523IC4,9999.0
2017045674,1,0,IN,7.0,P121371,2017.0
2017050717,2,0,PA,7.0,PT8583L,2018.0
2017060526,1,0,PA,,KBL30J,
2017076174,2,0,,8.0,,
2017076669,2,0,TN,7.0,U035345,9999.0
2017086122,1,0,ZZ,7.0,999999999999,9999.0
2017091753,2,0,,9.0,,
2017101886,1,0,,9.0,,
2017107974,2,0,,2.0,,
2017107974,3,0,,2.0,,
2017112170,1,0,OH,7.0,F102059,2017.0
2017112639,3,0,NJ,7.0,TBN44K,2017.0
2017117256,1,0,TN,7.0,U623762,9999.0
2017127428,1,0,PA,8.0,W03S,9999.0
2017129107,1,0,PA,3.0,XT50687,2018.0
2017135051,2,0,,1.0,,
2017013179,1,0,,,0,
2017021505,1,0,IL,6.0,4S87565T,2012.0
2017021543,1,0,,1.0,I4,
2017039097,2,0,PA,6.0,PT3755S,2018.0
2017049656,2,0,LA,7.0,L948851,2018.0
2017061710,2,0,TN,7.0,U738476,2017.0
2017081090,4,0,IL,7.0,479424ST,2017.0
2017084535,2,0,PA,7.0,MG0013E,2099.0
2017088946,2,0,,9.0,,
2017088982,1,0,,1.0,,
2017107189,6,0,ZZ,7.0,999999999999,9999.0
2017107310,2,0,NJ,7.0,TSY67K,2017.0
2017113535,1,0,IL,7.0,557037ST,2017.0
2017119015,2,0,NJ,7.0,TRK53E,2012.0
2017128048,1,0,,9.0,,
2017005447,2,0,PA,8.0,XHJ3133,2017.0
2018028852,2,0,ZZ,7.0,9999999999,9999.0
2017014889,2,0,NJ,7.0,T725TJ,2017.0
2017017666,1,0,NJ,7.0,TJJ65Z,2017.0
2017032915,1,0,PA,7.0,PT908C9,2017.0
2017035644,2,0,,,I,
2017035829,2,0,PA,8.0,0HJ64,9999.0
2017039080,2,0,PA,7.0,PT100B2,2017.0
2017040513,1,0,ME,7.0,2198486,2017.0
2017049656,1,0,OR,7.0,HR13926,2017.0
2017055657,1,0,TN,7.0,UG086A,2017.0
2017066965,2,0,ZZ,7.0,99999999999,9999.0
2017068038,2,0,ID,7.0,P23794,9999.0
2017076142,3,0,IL,7.0,ZBH7,9999.0
2017086796,1,0,ZZ,7.0,999999999999,9999.0
2017100635,2,0,PA,7.0,PT779C8,2030.0
2017106713,2,0,IL,7.0,546538ST,2017.0
2017110784,2,0,ME,7.0,1870274,2018.0
2017117491,2,0,PA,7.0,AF68432,2018.0
2017012412,1,0,TN,7.0,U556256,2017.0
2017019692,2,0,NJ,6.0,T34V54,2016.0
2017028967,2,0,ZZ,7.0,999999999999,9999.0
2017030275,2,0,PA,7.0,1856922,2017.0
2017050447,1,0,TN,7.0,U393458,2013.0
2017052318,1,0,ZZ,2.0,999999999999,9999.0
2017062795,2,0,ZZ,7.0,999999999999,9999.0
2017063865,1,0,ME,7.0,TLR2268701,2018.0
2017067845,2,0,PA,7.0,X6D279,9999.0
2017080271,1,0,NY,7.0,AS90211,2017.0
2017086105,1,0,ZZ,7.0,999999999999,9999.0
2017086913,1,0,PA,3.0,XIJPYG7,9999.0
2017090492,2,0,QC,7.0,RH0961E,2018.0
2017104014,1,0,ME,7.0,273452B,2004.0
2017125616,3,0,OK,7.0,9038EE,2017.0
2017009870,2,0,PA,7.0,PT2954Z,2017.0
2017020571,1,0,ME,7.0,2819913,2028.0
2017023969,1,0,PA,5.0,XKL2244,2018.0
2017026041,2,0,WV,7.0,C299930,2017.0
2017027733,2,0,PA,7.0,PT9095Y,9999.0
2017033142,2,0,,1.0,,
2017035745,1,0,ZZ,7.0,999999999999,9999.0
2017039544,1,0,NJ,7.0,TMR70F,2010.0
2017052154,2,0,ZZ,7.0,999999999999,9999.0
2017053345,1,0,OK,6.0,3993FL,2017.0
2017057184,2,0,ME,7.0,2135144,2021.0
2017058240,3,0,ZZ,7.0,999999999999,9999.0
2017060765,1,0,FL,7.0,AB4W,2017.0
2017070451,1,0,ZZ,7.0,999999999999,9999.0
2017075291,2,0,ME,7.0,2558175,2025.0
2017081483,2,0,NJ,7.0,TFA54G,2017.0
2017086669,1,0,ZZ,7.0,999999999999,9999.0
2017086703,2,0,ZZ,7.0,999999999999,9999.0
2017086835,1,0,,2.0,,
2017093052,2,0,IA,7.0,DB8528,2017.0
2017093532,2,0,,1.0,H,
2017093561,1,0,ME,7.0,28340K,9999.0
2017094457,2,0,ME,7.0,272520A,2017.0
2017096412,2,0,ZZ,7.0,999999999999,9999.0
2017100749,1,0,OK,7.0,7250LO,2016.0
2017116133,2,0,,3.0,,
2017126420,2,0,PA,1.0,JPN9498,2017.0
2017128048,2,0,,9.0,,
2017128106,2,0,,2.0,,
2017129235,2,0,TN,7.0,U226956,2018.0
2017130637,1,0,,9.0,,
2017014071,2,0,PA,1.0,JSY2172,2011.0
2017023156,1,0,ME,7.0,2622978,2026.0
2018037718,2,0,ZZ,7.0,999999999999,9999.0
2017033107,1,0,,9.0,,
2017035434,2,0,TN,7.0,T773874,2017.0
2017035670,2,0,ZZ,7.0,999999999999,9999.0
2017035824,1,0,VA,6.0,J74S98,
2017035895,2,0,NC,7.0,AE76546,2017.0
2017037187,2,0,ZZ,7.0,999999999999,9999.0
2017038893,2,0,OK,7.0,2308LT,2016.0
2017055505,2,0,PA,3.0,XCN6316,2019.0
2017076220,2,0,IN,7.0,999999999999,9999.0
2017078863,2,0,ZZ,7.0,999999999999,9999.0
2017081128,2,0,IN,7.0,P93297,2017.0
2017086111,3,0,PA,1.0,HML4689,2008.0
2017088946,1,0,,9.0,,
2017091177,2,0,ZZ,7.0,999999999999,9999.0
2017091297,1,0,PA,7.0,XHS3522,2018.0
2017097244,2,0,FL,7.0,0962CT,2000.0
2017108302,1,0,PA,7.0,XJP7461,2018.0
2017110886,2,0,IL,7.0,T480189,2018.0
2017122812,2,0,PA,3.0,XHLY60,2017.0
2017133981,2,0,ZZ,7.0,999999999999,9999.0
2018005254,2,0,LA,7.0,L018837,2018.0
2018020743,1,0,ID,7.0,5365JL,9999.0
2017008748,1,0,ZZ,7.0,999999999999,9999.0
2017011425,2,0,PA,7.0,PT280A4,2017.0
2017024704,1,0,ME,3.0,2817859,2017.0
2017030217,1,0,PA,6.0,PT9405Z,2017.0
2018030135,2,0,ZZ,7.0,99999999999,9999.0
2017037347,2,0,ZZ,7.0,999999999999,9999.0
2017038022,3,0,NJ,7.0,TJB78N,2019.0
2017055503,2,0,ZZ,7.0,999999999999,9999.0
2017096429,2,0,ZZ,7.0,99999999999,9999.0
2017097881,1,0,CA,7.0,WP5W42,9999.0
2017127404,1,0,ME,7.0,2M285B6,2022.0
2017133983,2,0,PA,7.0,8T3M5Z,9999.0
2018020700,3,0,ZZ,7.0,999999999999,9999.0
2017013570,1,0,ME,7.0,17-99208,2010.0
2017023112,1,0,PA,7.0,PT793A1,2222.0
2017038006,2,0,PA,8.0,PA99019,2017.0
2017040541,2,0,ND,7.0,T849,2017.0
2017060738,2,0,PA,3.0,8XI768,2018.0
2017061706,1,0,ZZ,9.0,UNKNOWN,2017.0
2017067864,2,0,ZZ,7.0,999999999999,9999.0
2017068311,2,0,ME,7.0,22TLR93685,2018.0
2017086329,1,0,,1.0,,
2017093044,2,0,ME,7.0,2452587,2019.0
2017105848,7,0,ZZ,7.0,999999999999,9999.0
2017106013,2,0,ZZ,7.0,999999999999,9999.0
2017123761,1,0,ME,6.0,2099525,2018.0
2017127344,2,0,,9.0,,
2017128637,2,0,NJ,7.0,TFT80P,2018.0
2017134868,1,0,NJ,3.0,TGH33N,1918.0
2017136273,2,0,IN,7.0,P333516,2040.0
2017004032,2,0,ZZ,7.0,,2017.0
2018026805,4,0,,4.0,,
2018029752,2,0,,8.0,,
2017012376,1,0,IL,7.0,T486562,2017.0
2017013711,1,0,NC,7.0,AF12637,2017.0
2017019109,1,0,NJ,3.0,KWA6,9999.0
2017020480,1,0,IL,7.0,589441ST,2017.0
2017037440,1,0,NJ,7.0,999999999999,9999.0
2017038517,1,0,ZZ,7.0,999999999999,9999.0
2017067716,1,0,,9.0,,
2017072042,2,0,,3.0,,
2017073580,1,0,PA,8.0,AE99442,2017.0
2017076126,4,0,ZZ,7.0,999999999999,9999.0
2017080274,1,0,ZZ,7.0,999999999999,9999.0
2017088890,2,0,ZZ,7.0,XJRWZ95,9999.0
2017097148,2,0,TN,7.0,U676570,2017.0
2017119363,3,0,IL,7.0,35742ST,2017.0
2017133738,2,0,PA,7.0,PT7405C,2018.0
2017134784,2,0,IL,6.0,494842ST,2017.0
2017135116,2,0,PA,7.0,TT14245,2018.0
2018001694,2,0,IL,7.0,T523340,2018.0
2017023229,1,0,ZZ,7.0,,
2017023535,1,0,OK,6.0,570B6S,
2017035436,2,0,DE,7.0,T0039826,2017.0
2017035599,1,0,ZZ,7.0,999999999999,9999.0
2017040515,2,0,IL,7.0,476262ST,2017.0
2017054886,1,0,ON,7.0,P6822D,2018.0
2017061728,1,0,IL,7.0,T496083,2017.0
2017061747,3,0,IL,7.0,T234350,2018.0
2017068305,3,0,NJ,7.0,THV47A,2017.0
2017081528,2,0,TN,7.0,U603552,2018.0
2017083235,2,0,PA,6.0,PT91114,2018.0
2017084185,1,0,NJ,3.0,TCZ19B,2017.0
2017087194,1,0,TX,7.0,111C421,2018.0
2017091723,2,0,ZZ,7.0,999999999999,9999.0
2017096734,1,0,ME,7.0,1866784,2017.0
2017108548,1,0,QC,7.0,RG5056H,2017.0
2017111580,1,0,,3.0,,
2017128674,2,0,PA,7.0,PT94902,2099.0
2017130639,2,0,,8.0,,
2017135026,1,0,PA,3.0,8FW200,2010.0
2018004638,2,0,TN,7.0,U327192,2018.0
2017028843,2,0,OH,7.0,999999999999,9999.0
2017031837,1,0,NJ,7.0,TGH88N,2017.0
2017050547,2,0,IA,7.0,DE5697,2017.0
2017068112,1,0,NJ,7.0,TPG64V,2019.0
2017075669,1,0,OK,7.0,2959KK,2017.0
2017078704,2,0,,3.0,,
2017079096,1,0,IL,7.0,58944Y,2017.0
2017084948,1,0,PA,7.0,XJL4192,2017.0
2017086763,2,0,ZZ,7.0,999999999999,9999.0
2017086976,2,0,ZZ,7.0,999999999999,9999.0
2017090524,2,0,ME,7.0,2559898,2017.0
2017101894,2,0,IN,7.0,5P1B3RTY,
2017104569,1,0,FL,1.0,DYB-V33,9999.0
2017110875,1,0,ME,7.0,2631112,2018.0
2017127429,1,0,,9.0,,
2017128057,1,0,,2.0,,
2012003905,1,0,IA,6.0,TF7078,2011.0
2011009477,1,0,TN,7.0,TN410409,2011.0
2011023174,2,0,,7.0,,
2011024678,2,0,,7.0,T0IH08,
2011029201,2,0,,8.0,,
2011044562,1,0,,7.0,,
2011062006,1,0,,7.0,9Q2ECW,
2011066153,1,0,,1.0,,
2011070743,3,0,IL,7.0,T397875,2007.0
2011074288,1,0,NY,1.0,BA20057,2012.0
2011075686,1,0,NJ,7.0,759ZW,
2011076903,2,0,PA,7.0,PT0974K,2012.0
2011082520,3,0,,7.0,,
2011085554,3,0,,7.0,,
2011098068,1,0,,7.0,5586R,
2011100665,1,0,NJ,8.0,TZ9XJM,
2011100712,2,0,,1.0,,
2011101144,1,0,ME,7.0,128955A,2012.0
2011104952,2,0,PA,2.0,XM01013,2015.0
2011108813,2,0,,7.0,,
2011115493,3,0,,7.0,,
2011126629,1,0,ME,6.0,2328413,2012.0
2011128893,1,0,OK,7.0,2753EQ,2011.0
2011133466,2,0,ME,7.0,615998,2012.0
2011134796,1,0,,7.0,,
2011003540,1,0,OK,6.0,4036IA,2011.0
2011017092,1,0,ZZ,7.0,99999,2099.0
2011020060,2,0,ME,6.0,1471038,2011.0
2011029549,1,0,IL,7.0,T463671,2011.0
2011030839,2,0,PA,7.0,PT2910N,9999.0
2011036012,1,0,NJ,3.0,TFE96K,2011.0
2011054287,3,0,,9.0,,
2011062479,2,0,PA,3.0,XFG6185,2011.0
2011066172,1,0,,7.0,,
2011076289,2,0,TN,7.0,278841,2012.0
2011078076,1,0,IL,7.0,279870ST,2011.0
2011082665,1,0,MI,7.0,C0477W,
2011087918,1,0,,7.0,,
2011088344,1,0,CA,6.0,4FT4810,1995.0
2011089863,1,0,PA,3.0,NONE,2011.0
2011091022,3,0,,8.0,,
2011100296,3,0,,6.0,,
2011108733,1,0,,7.0,817A,
2011118187,2,0,,3.0,XN02I7O,
2011127525,2,0,NJ,7.0,T40C2H,2012.0
2011131153,2,0,PA,7.0,PT0867H,2012.0
2012004211,3,0,,3.0,XC277Y7,
2012022604,3,0,,1.0,,
2011031276,1,0,,8.0,,
2011044439,2,0,NS,7.0,THR48M,
2011045503,2,0,NJ,7.0,THC78K,2011.0
2011047314,1,0,NJ,6.0,B4B3B,
2011048412,1,0,OK,6.0,1596EV,2011.0
2011056414,2,0,,7.0,????????????,
2011059166,1,0,ME,7.0,1442631,2014.0
2011061682,1,0,ON,6.0,F6608L,2012.0
2011090466,1,0,TN,7.0,UIB57Q,
2011090494,1,0,,1.0,,
2011099747,1,0,PA,7.0,PT4188H,2012.0
2011104725,1,0,NJ,7.0,TGT80U,2012.0
2012002749,2,0,ZZ,7.0,UNKNOWN,2012.0
2012004289,2,0,,6.0,,
2012004793,2,0,ZZ,7.0,UNKNOWN,9999.0
2011011027,1,0,RI,7.0,TRL31657,2011.0
2011015801,2,0,,7.0,I7I8,
2011029361,2,0,NS,7.0,PT62318,2013.0
2011033731,1,0,NJ,7.0,TJE56H,2014.0
2011043933,1,0,VA,9.0,UNKNOWN,2011.0
2011046982,1,0,ME,7.0,I363H5,
2011071241,1,0,IL,7.0,333404ST,2012.0
2011082650,1,0,,7.0,V747SI,
2011087965,2,0,ON,7.0,FM43W,
2011088036,1,0,,1.0,,
2011112320,1,0,ME,7.0,I6IZ03I,
2011119252,1,0,OK,7.0,5601FL,2012.0
2012002211,2,0,ME,7.0,B114230,2012.0
2012011820,2,0,ME,7.0,2037570,2012.0
2012022604,2,0,,1.0,,
2012022618,1,0,,9.0,,
2011023889,1,0,PA,7.0,PT4438H,2013.0
2011053852,2,0,ME,3.0,1751119,2012.0
2011056936,2,0,PA,7.0,PT2772K,
2011066029,1,0,ME,7.0,II6I38S4,
2011071419,2,0,NJ,7.0,T69W7Z,2012.0
2011093041,1,0,,6.0,1I770834,
2011108674,1,0,PA,7.0,PT7203L,2011.0
2011111231,1,0,DE,8.0,DET40298,2011.0
2011118886,1,0,NJ,7.0,T89R1R,2013.0
2011132029,2,0,ME,6.0,1471524,2001.0
2012004765,2,0,,7.0,,
2012020946,2,0,,7.0,,
2012022587,1,0,PA,2.0,HXBY8Z,
2011027333,1,0,PA,7.0,PT8155K,9999.0
2011029833,2,0,ME,3.0,1591079,2015.0
2011033422,1,0,,7.0,,
2011036703,1,0,IN,7.0,SE258AAL,2012.0
2011050597,1,0,WI,7.0,614420,2012.0
2011053482,3,0,PA,9.0,XCRHSI,
2011076059,1,0,,7.0,,
2011090703,1,0,OK,7.0,5577DF,2012.0
2011095460,2,0,,7.0,HSB698,
2011108814,1,0,,7.0,2IE2I8,
2011120536,2,0,TN,7.0,U154045,2020.0
2011128896,1,0,PA,7.0,AE42830,2011.0
2011132033,2,0,PA,3.0,XS37920,2013.0
2012010517,3,0,,1.0,HWZ8787,
2011016001,2,0,,7.0,,
2011023342,5,0,,1.0,,
2011024583,2,0,ME,7.0,14TRL48425,2012.0
2011032242,2,0,ME,7.0,158006A,2011.0
2011032753,2,0,TN,7.0,U041491,
2011035510,2,0,PA,6.0,PT1886J,2099.0
2011036363,2,0,NJ,7.0,TJJ83K,2011.0
2011054309,1,0,,3.0,U0KN6N,
2011061804,3,0,PA,3.0,XN2702Y,
2011071242,1,0,ME,7.0,13TLR55407,2012.0
2011078426,1,0,ZZ,7.0,NONE,2000.0
2011106204,3,0,,8.0,PU50O6,
2011109397,1,0,ME,7.0,B249219,2012.0
2011125513,1,0,PA,6.0,XP74267,2012.0
2012020996,2,0,,7.0,,
2011053007,2,0,IL,6.0,240462ST,1998.0
2011061773,1,0,,7.0,,
2011066255,1,0,,7.0,,
2011090428,3,0,PA,1.0,FR85967,
2011109397,2,0,,7.0,,
2011113256,1,0,TN,7.0,T312400,2011.0
2011114545,2,0,NJ,6.0,THX34S,2012.0
2011118196,2,0,,7.0,,
2011125129,1,0,NY,1.0,EKK1762,2008.0
2012001542,2,0,ME,7.0,1533976,2015.0
2012004264,2,0,IN,7.0,P75W3,
2012004308,3,0,,9.0,,
2011016942,1,0,,6.0,XBS023,
2011023405,1,0,PA,7.0,PT5897R,9999.0
2011032873,2,0,IN,7.0,P186225,2011.0
2011038198,2,0,OK,7.0,2IL5IG,
2011040331,2,0,,8.0,,
2011043508,2,0,SC,7.0,P760628,2002.0
2011064101,1,0,,7.0,H20B463,
2011070340,2,0,TN,7.0,T986354,2011.0
2011070585,2,0,OH,7.0,TNV4169,2011.0
2011075573,1,0,,1.0,,
2011082516,1,0,MA,7.0,72E5Q397,
2011087112,2,0,PA,7.0,XDS1693,2008.0
2011087124,2,0,PA,7.0,XDV8836,2012.0
2011121226,1,0,ME,7.0,1696641,2016.0
2011132716,2,0,,7.0,Q87CH,
2012004298,1,0,IA,6.0,IZ66J,
2012004827,1,0,QC,6.0,IZB520C,
2011024125,1,0,MO,7.0,PRO736,2007.0
2011037029,2,0,NJ,6.0,TJK34X,2012.0
2011053013,2,0,PA,6.0,PT1646M,2012.0
2011054342,1,0,PA,7.0,87I599L,
2011063639,1,0,NJ,7.0,TDA37G,2012.0
2011075830,2,0,,3.0,XFC47H,
2011076277,2,0,NM,9.0,,
2011098067,1,0,,8.0,,
2011108864,1,0,MD,6.0,S02FI3,
2011121464,2,0,,7.0,,
2011128187,1,0,MI,7.0,RA72805,2012.0
2011009477,2,0,PA,7.0,PT5434L,2011.0
2011024651,1,0,IL,7.0,TIN866,
2011028960,2,0,ME,6.0,NY292Y,
2011031276,2,0,,9.0,,
2011037900,1,0,IA,7.0,8B0M90,
2011056825,1,0,IN,7.0,P2Y696,
2011061714,1,0,NJ,3.0,JW796,
2011066184,1,0,PA,7.0,PT92S8L,
2011083345,3,0,PA,3.0,4FY0860,
2011085481,1,0,,1.0,,
2011086523,1,0,NJ,6.0,THP93W,2012.0
2011095467,2,0,MO,6.0,PA86468,
2011096426,1,0,SC,6.0,PV63571,1999.0
2011100643,1,0,,9.0,,
2011108890,2,0,,7.0,8D,
2011112627,1,0,IL,7.0,T262916,2012.0
2011122827,3,0,,9.0,,
2011133344,1,0,ME,7.0,1266373,2012.0
2012004939,2,0,,7.0,,
2011018771,1,0,VA,7.0,58588PY,2005.0
2011029444,1,0,,7.0,,
2011038004,1,0,,8.0,,
2011040363,2,0,,7.0,,
2011043509,2,0,ME,6.0,1461635,2014.0
2011046911,2,0,PA,7.0,XDL4939,2011.0
2011053557,2,0,,1.0,,
2011053850,2,0,NJ,7.0,TEH37K,2012.0
2011064076,1,0,,9.0,,
2011064456,2,0,IL,7.0,T472200,2011.0
2011068482,1,0,,7.0,,
2011069672,1,0,PA,7.0,PT3293F,2014.0
2011091022,2,0,,8.0,,
2011093632,1,0,OK,7.0,9826EB,2011.0
2011095469,2,0,,6.0,P2S7DOI,
2011101852,1,0,NJ,6.0,TEM73E,2011.0
2011106224,1,0,MC,7.0,XS8S65,
2011113278,2,0,T,6.0,UNI6N06,9999.0
2013000082,2,0,NJ,7.0,T81K5H,2016.0
2013007395,1,0,IA,7.0,TC4461,2012.0
2012036940,2,0,ZZ,7.0,999999999999,9999.0
2012037582,2,0,PA,3.0,XBH2931,2012.0
2012042561,1,0,MA,7.0,697I94,9999.0
2012047257,1,0,ZZ,7.0,99999999999,9999.0
2012052830,1,0,IL,7.0,T282037,2012.0
2012054983,1,0,NE,7.0,1821492,213.0
2012060768,1,0,NJ,7.0,T0V82V,9999.0
2012062395,6,0,WI,7.0,ST23065,2015.0
2012065331,1,0,PA,7.0,PT6928J,2012.0
2012073329,2,0,TN,7.0,T419158,2099.0
2012075153,2,0,,7.0,XMMM68,
2012082856,1,0,TN,7.0,U040034,2008.0
2012098196,2,0,,2.0,,
2012104450,4,0,TN,7.0,Z31886,2016.0
2012108032,2,0,ME,7.0,2140894,2021.0
2012110048,1,0,PA,3.0,XFP8825,2013.0
2012111670,3,0,,9.0,,
2012114779,1,0,WI,6.0,539234,2012.0
2012120145,2,0,,7.0,,
2012002600,1,0,PA,7.0,XCH9835,2012.0
2012011825,2,0,NJ,6.0,TFL78M,2008.0
2012042194,2,0,,9.0,,
2012044003,1,0,PA,7.0,XDW4125,2012.0
2012044330,1,0,PA,7.0,AF06647,2012.0
2012047184,2,0,,7.0,8VW0O9,
2012064310,1,0,TN,7.0,T510346,9999.0
2012069020,1,0,NJ,7.0,TDY55G,2013.0
2012083062,1,0,ZZ,9.0,,
2012085326,4,0,,,NI4,
2012094712,2,0,PA,3.0,XDN4634,2013.0
2012111809,2,0,PA,8.0,00W0PB,
2012116868,1,0,NJ,7.0,TFH88E,2016.0
2012120087,3,0,,7.0,TACS73,
2012122355,2,0,,9.0,,
2012125095,2,0,ZZ,6.0,99999,2013.0
2012128163,1,0,NE,7.0,V738YZI,
2012129965,3,0,,9.0,,
2012005284,1,0,ME,7.0,1851421,2012.0
2013006752,1,0,NJ,7.0,TEH98H,
2012007087,2,0,PA,7.0,PT2458P,2012.0
2012033493,1,0,PA,7.0,PT9889P,2002.0
2012045922,2,0,VA,1.0,374196TL,2012.0
2012053374,2,0,PA,7.0,PT2617T,2012.0
2012061128,1,0,PA,3.0,PT7614P,2099.0
2012066509,1,0,,8.0,0W0J8,
2012066720,2,0,NJ,7.0,TYHL8IT,
2012078449,2,0,PA,7.0,X047TO,9999.0
2012083677,1,0,PA,7.0,PT2275M,2012.0
2012091470,1,0,MD,8.0,009975X,2012.0
2012104150,2,0,,6.0,T0U98Z,
2012109906,2,0,,2.0,,
2012111670,4,0,,9.0,,
2012112646,2,0,ZZ,7.0,999999999999,9999.0
2012117215,1,0,,9.0,,
2012122209,1,0,IL,7.0,T352050,2013.0
2012128192,2,0,,9.0,,
2012010600,1,0,NJ,6.0,TDA70G,2012.0
2012012149,1,0,ME,7.0,1841213,2012.0
2012013442,1,0,,2.0,,
2012014811,2,0,OH,7.0,TMS4319,2012.0
2012026267,3,0,,9.0,,
2012051164,1,0,NJ,7.0,TFX44E,612.0
2012056661,1,0,PA,1.0,FT4QDG,
2012070921,2,0,NJ,6.0,TBV92S,2013.0
2012083021,2,0,,7.0,,
2012083658,2,0,ME,7.0,1785746,2013.0
2012091470,2,0,OK,7.0,4834E0,2003.0
2012096105,2,0,PA,7.0,PT8022R,2011.0
2012100285,1,0,ZZ,7.0,999999999999,9999.0
2012104002,2,0,NC,7.0,AA96I8L,9999.0
2012109732,2,0,PA,3.0,,
2012109733,1,0,WA,8.0,347J,
2012109875,2,0,,3.0,,
2012117229,1,0,,9.0,,
2012126009,3,0,HA,9.0,0IA,
2013003494,2,0,IL,6.0,T397332,2006.0
2013009119,2,0,IA,6.0,TJ7169,2013.0
2012013309,1,0,PA,7.0,PT2501E,2012.0
2012020529,2,0,TN,3.0,U231H5,
2012020613,1,0,,7.0,,
2012021336,1,0,IL,7.0,415706ST,2011.0
2012040801,1,0,IN,7.0,9925157,2002.0
2012043942,1,0,NJ,7.0,TBV94C,2012.0
2012048895,1,0,MN,3.0,9107CMT,2012.0
2012058818,2,0,IN,7.0,P66374,2012.0
2012071433,1,0,TN,7.0,U357405,2004.0
2012083811,2,0,PA,7.0,PT2005V,9999.0
2012095423,2,0,,7.0,,
2012104267,2,0,NJ,7.0,HCYS5L,9999.0
2012109894,2,0,,2.0,,
2012110941,2,0,OK,7.0,5661JF,2013.0
2012110942,2,0,ME,7.0,16TLR6948B,2016.0
2012128220,2,0,,2.0,,
2012130306,2,0,FL,7.0,4158CK,2013.0
2012009828,3,0,OK,6.0,6170GU,2012.0
2013015600,1,0,ME,7.0,1364388,2008.0
2012047107,1,0,ZZ,7.0,558Y5U,9999.0
2012058393,1,0,,8.0,42N,9999.0
2012060816,2,0,,2.0,,
2012065497,3,0,NJ,7.0,TCE16H,2013.0
2012065498,2,0,NJ,7.0,TKJ26B,2013.0
2012070299,3,0,PA,7.0,PT5913C,2013.0
2012073564,1,0,PA,3.0,88YW60,9999.0
2012075660,1,0,NY,3.0,BA93494,2013.0
2012078612,1,0,ME,7.0,I66B269,
2012084049,2,0,ON,7.0,D5420F,2012.0
2012087937,2,0,ME,7.0,1449701,2012.0
2012098284,2,0,,7.0,,
2012098448,1,0,,9.0,,
2012098649,1,0,ME,7.0,1333128,2013.0
2012099913,1,0,TN,6.0,T941693,2006.0
2012115144,1,0,PA,7.0,PT4438H,2013.0
2012122362,2,0,,9.0,,
2012031224,1,0,CA,7.0,4KZ4387,512.0
2013015597,2,0,PA,7.0,PT8718M,1996.0
2012032540,2,0,OK,7.0,1096JH,2012.0
2012049521,1,0,ME,7.0,1597874,2012.0
2012055943,2,0,VA,7.0,81228TR,2012.0
2012068195,2,0,NE,6.0,162513,999.0
2012073899,2,0,ZZ,8.0,,2012.0
2012081427,1,0,OR,7.0,HS05524,2012.0
2012087208,2,0,NC,3.0,CA91819,2013.0
2012095390,4,0,,9.0,,
2012098649,2,0,ME,7.0,B261056,2014.0
2012114863,1,0,,2.0,,
2012116478,1,0,ME,7.0,1433127,2014.0
2012119476,1,0,PA,7.0,PT6994C,2012.0
2012125539,1,0,,9.0,,
2012126001,2,0,,9.0,,
2012126009,1,0,PY,8.0,NIA,
2012128192,1,0,,9.0,,
2012011826,2,0,IN,6.0,P251143,2003.0
2012015449,2,0,,9.0,,
2012023231,1,0,PA,7.0,PT4886L,2012.0
2012039243,2,0,ME,7.0,17TRL58715,2012.0
2012041591,1,0,ZZ,8.0,999999999999,9999.0
2012047277,2,0,ZZ,7.0,999999999999,9999.0
2012048764,1,0,ME,7.0,2418165,2024.0
2012049617,2,0,ON,7.0,E1945L,2012.0
2012060628,1,0,ZZ,7.0,999999999999,9999.0
2012064565,1,0,IN,7.0,SP434EEE,2012.0
2012066743,2,0,,8.0,,
2012083034,2,0,NE,7.0,201514,2012.0
2012083119,2,0,,3.0,,
2012083293,1,0,FL,7.0,S5M,9999.0
2012089761,2,0,SC,7.0,PV61360,9999.0
2012098335,1,0,I,,1,
2012104458,1,0,PA,7.0,PT9839F,2013.0
2012111762,2,0,PA,2.0,7SFY7B,9999.0
2012129961,2,0,TX,7.0,ZRI02,9999.0
2013006102,3,0,PA,8.0,XGX0RI2,
2012020481,1,0,PA,7.0,PT9423M,1990.0
2012020505,1,0,PA,3.0,XGH2210,2012.0
2012025853,1,0,IN,7.0,P121417,2012.0
2012028491,1,0,,9.0,,
2012034718,2,0,ZZ,7.0,PT-4188H,9999.0
2012040989,1,0,ME,7.0,2810880,2013.0
2012042091,2,0,ZZ,7.0,999999999999,9999.0
2012047819,2,0,ME,7.0,13TLR77691,2012.0
2012057357,1,0,ZZ,7.0,999999999999,9999.0
2012061282,1,0,NJ,7.0,TJS44Y,2015.0
2012067083,3,0,ZZ,3.0,999999999999,9999.0
2012073518,1,0,,3.0,,
2012080830,2,0,ME,7.0,13TLR96598,2013.0
2012083301,1,0,OK,7.0,BH55L,9999.0
2012095390,1,0,,9.0,,
2012095390,2,0,,9.0,,
2012095407,2,0,ZZ,2.0,999999999999,9999.0
2012098209,1,0,,9.0,,
2012098426,2,0,PA,7.0,2T7I752,9999.0
2012098448,2,0,,9.0,,
2012099003,2,0,TN,7.0,UB2830,9999.0
2012101046,2,0,IA,7.0,TI6O72,9999.0
2012103844,1,0,ZZ,6.0,UNKNOWN,1999.0
2012109888,1,0,,9.0,NIA,
2012111676,1,0,CA,6.0,4LD50,
2012123346,2,0,,8.0,,
2012127236,1,0,TN,7.0,U151342,2012.0
2013004418,1,0,,2.0,,
2012014820,1,0,PA,6.0,XP15869,2012.0
2012015029,2,0,OR,6.0,HSL11538,2012.0
2012034292,1,0,NJ,7.0,TCJ58J,2013.0
2012036677,1,0,IN,7.0,P66486,2012.0
2012048197,1,0,GA,7.0,I62E9,9999.0
2012056661,2,0,,1.0,4M32K,
2012072572,1,0,ME,7.0,1459164,2013.0
2012080849,2,0,,3.0,,
2012083905,2,0,ZZ,7.0,UNKNOWN,2099.0
2012085326,2,0,,,NIAI,
2012095505,1,0,,9.0,,
2012095635,1,0,,7.0,,
2012096010,1,0,,9.0,,
2012096010,2,0,,9.0,,
2012098660,1,0,NJ,6.0,TJS60B,2011.0
2012102836,1,0,IL,7.0,172268ST,2013.0
2012110526,2,0,PA,7.0,PT03995,2013.0
2012111670,5,0,,9.0,,
2012117217,1,0,TN,6.0,U369J85,
2012117361,2,0,E,7.0,TC5Y8W,
2012122388,2,0,,2.0,,
2012125574,1,0,,9.0,,
2013006672,2,0,,7.0,,
2013006835,2,0,,9.0,,
2012015921,2,0,NJ,6.0,T10R1U,2002.0
2012028798,1,0,PA,6.0,PT3897H,2012.0
2013015580,1,0,PA,7.0,PT0843J,2099.0
2012032924,2,0,PA,7.0,PT3858T,2012.0
2012034292,2,0,PA,7.0,XDA0563,2013.0
2012034762,4,0,ZZ,7.0,999999999999,9999.0
2012050554,1,0,ZZ,7.0,UNKNOWN,2099.0
2012058157,1,0,ME,7.0,17TLR42844,2012.0
2012066730,2,0,,7.0,1224Z25,
2012077904,1,0,PA,6.0,XFY2381,2012.0
2012079916,1,0,ME,7.0,1567880,2013.0
2012089216,2,0,ZG,7.0,8738962,2012.0
2012092220,1,0,NJ,7.0,T56Z9K,2013.0
2012093633,1,0,PA,7.0,XM04539,2013.0
2012095082,1,0,IN,7.0,P107990,2013.0
2012098227,2,0,,1.0,Y,
2012109887,1,0,,9.0,,
2012113554,2,0,TN,7.0,U153024,2013.0
2012114500,3,0,ME,7.0,1333128,2013.0
2012120026,1,0,,9.0,,
2012120427,1,0,TN,7.0,X99867,2013.0
2012121700,2,0,SC,7.0,PV53796,2013.0
2012130687,2,0,IN,7.0,SP103ACA,2012.0
2013003881,1,0,PA,6.0,PT8965Y,
2013007237,1,0,ZZ,7.0,UNKNOWN,9999.0
2013012021,2,0,ME,7.0,773470,9999.0
2012015442,1,0,,3.0,,
2012015499,1,0,,7.0,,
2012019782,2,0,ZZ,6.0,UNKNOWN,2012.0
2012026945,1,0,ME,7.0,2234361,2022.0
2012026946,1,0,NJ,7.0,TKR90E,12.0
2012028029,1,0,NJ,7.0,TEU50W,2015.0
2012050190,3,0,ZZ,7.0,999999999999,9999.0
2012060926,2,0,PA,7.0,XFK5813,2000.0
2012070784,1,0,VA,7.0,46063TR,2012.0
2012075656,1,0,TN,7.0,T666365,2013.0
2012093632,1,0,PA,6.0,XK75494,2013.0
2012095390,3,0,,9.0,,
2012096051,2,0,PA,3.0,YZ4800,
2012109043,1,0,NJ,7.0,T96V6G,2012.0
2012110945,2,0,NJ,6.0,TBH47K,2013.0
2012114863,2,0,,2.0,,
2012125539,2,0,,9.0,,
2014000440,1,0,A,1.0,R,
2014001021,1,0,ZZ,7.0,999999999999,9999.0
2014002745,2,0,ZZ,7.0,999999999999,9999.0
2013029367,1,0,PA,7.0,PT2457P,2013.0
2013029630,3,0,ZZ,2.0,999999999999,9999.0
2013037945,1,0,OK,7.0,8401KF,2013.0
2013041251,2,0,NJ,7.0,TJK42A,2014.0
2013050647,1,0,TN,7.0,U310389,2011.0
2013063311,1,0,PA,7.0,PT2009W,2068.0
2013067703,2,0,ME,7.0,1814169,2018.0
2013079978,3,0,NJ,7.0,T443I,9999.0
2013079981,2,0,PA,7.0,M0246S,
2013091208,2,0,ZZ,7.0,UNKNOWN,2013.0
2013098522,1,0,NJ,7.0,TDR66W,2013.0
2013101021,1,0,ZZ,7.0,999999999999,9999.0
2013125992,5,0,NJ,7.0,999999999999,9999.0
2013126532,1,0,ZZ,7.0,2RY8M,9999.0
2013129395,1,0,PA,7.0,XGYJ83,9999.0
2013134190,1,0,NJ,6.0,TCF-82J,2013.0
2013006161,2,0,,1.0,,
2013024831,1,0,PA,7.0,PT8816A,2013.0
2013046422,2,0,ZZ,7.0,999999999999,9999.0
2013050355,1,0,ZZ,7.0,999999999999,9999.0
2013053043,1,0,NJ,1.0,OW373N,
2013055926,2,0,ZZ,7.0,999999999999,9999.0
2013062522,2,0,NJ,7.0,TFA23D,9999.0
2013067171,2,0,PA,7.0,PT84574,
2013072710,2,0,IL,7.0,3475762T,2013.0
2013077667,1,0,TN,7.0,U032041,2013.0
2013079504,2,0,,2.0,,
2013101222,2,0,ZZ,7.0,M9773C,9999.0
2013106746,2,0,PA,7.0,RS306,9999.0
2013121121,1,0,ME,6.0,172952A,2014.0
2013124627,2,0,,9.0,,
2013013581,2,0,PA,3.0,052-A/B15-22,2099.0
2013024882,1,0,,9.0,,
2013024936,2,0,,9.0,0IG,
2013029799,2,0,ZZ,3.0,YZS5502,9999.0
2013043798,1,0,NE,7.0,999999999999,2016.0
2013046242,1,0,,2.0,,
2013047530,2,0,MO,7.0,7589CE,2013.0
2013049954,1,0,ZZ,7.0,99999999,2013.0
2013051792,1,0,PA,7.0,XDZ8323,2013.0
2013053917,1,0,ZZ,7.0,UNK,1999.0
2013055430,2,0,,2.0,,
2013055844,1,0,,,IVL,
2013062062,2,0,ZZ,7.0,UNKNOWN,9999.0
2013065323,2,0,A,1.0,,
2013068709,3,0,ZZ,7.0,UNKNOWN,2013.0
2013069754,2,0,PA,7.0,PT9679G,2002.0
2013084809,1,0,MA,7.0,SM86316,2013.0
2013090131,2,0,PA,6.0,PT0972B,2014.0
2013093115,2,0,ZZ,7.0,76Q2Q,9999.0
2013094935,2,0,ME,7.0,1842420,2014.0
2013101873,1,0,PA,7.0,PT2131J,2013.0
2013114978,1,0,WI,7.0,574976,2014.0
2013130001,1,0,AL,7.0,A026793,2014.0
2014006788,1,0,NC,7.0,AA-97740,9999.0
2013019403,2,0,NC,7.0,U337156,2013.0
2013026267,6,0,NJ,7.0,TFE59K,2016.0
2013035136,1,0,ZZ,7.0,P6O323,9999.0
2013036079,1,0,PA,6.0,XGK8280,2009.0
2013055304,1,0,,9.0,,
2013055569,1,0,PA,3.0,YHA9984,2013.0
2013057470,2,0,PA,7.0,PT9472R,2003.0
2013061064,1,0,PA,6.0,XGV6097,2013.0
2013065554,2,0,,7.0,M75S,
2013070677,2,0,WI,7.0,608037,2014.0
2013088211,1,0,ZZ,7.0,999999999999,9999.0
2013090325,1,0,TX,7.0,033B164,2014.0
2013093181,2,0,ZZ,7.0,999999999999,9999.0
2013121744,2,0,TN,7.0,T987303,2013.0
2013127074,2,0,ZZ,7.0,8738921,2014.0
2013007243,1,0,ZZ,6.0,2IM3Y48,9999.0
2013011714,3,0,IN,7.0,P179093,2013.0
2013022246,2,0,ZZ,7.0,BJ0PU7,9999.0
2013028984,2,0,TN,7.0,T939792,2014.0
2013037103,2,0,ME,7.0,1485486,2014.0
2013039023,4,0,MD,7.0,013093X,2013.0
2013047232,1,0,ZZ,7.0,KG90K,9999.0
2013053934,2,0,NJ,7.0,THP25X,2014.0
2013062977,1,0,PA,6.0,PT2964S,2011.0
2013079548,1,0,,8.0,,
2013086725,1,0,ZZ,7.0,999999999999,9999.0
2013095134,1,0,PA,7.0,PT0401W,2013.0
2013101049,2,0,ZZ,7.0,999999999999,9999.0
2013106744,2,0,ZZ,7.0,999999999999,9999.0
2013109356,1,0,ZZ,7.0,999999999999,9999.0
2013112789,2,0,PA,3.0,XCB5557,2014.0
2013121104,2,0,PA,7.0,PT8645H,2099.0
2013121322,1,0,IL,7.0,P67082,9999.0
2013124817,2,0,PA,7.0,PT3552T,2013.0
2014009703,1,0,ZZ,7.0,999999999999,9999.0
2014009745,2,0,ZZ,7.0,999999999999,9999.0
2014009759,1,0,PA,3.0,XCB3592,2014.0
2013020198,1,0,PA,7.0,9620014,2013.0
2013035239,2,0,ZZ,7.0,999999999999,9999.0
2013037366,1,0,,,D1BH9D,
2013037405,2,0,NC,7.0,87OB2,9999.0
2013050646,1,0,TN,7.0,T986993,2013.0
2013050872,2,0,IL,6.0,T486560,2013.0
2013053255,2,0,IL,7.0,T490167,2014.0
2013058710,2,0,DE,7.0,T77284,2013.0
2013066794,2,0,,7.0,,
2013067276,2,0,,6.0,,
2013068712,1,0,PA,2.0,XGF3810,2013.0
2013070521,2,0,ZZ,7.0,999999999999,9999.0
2013077437,2,0,,6.0,,
2013083999,2,0,,1.0,9,
2013086670,2,0,PA,1.0,EVZ6035,
2013088213,1,0,IL,7.0,T344194,2014.0
2013093181,1,0,ZZ,7.0,999999999999,9999.0
2013095701,2,0,ZZ,7.0,UNKNOWN,2013.0
2013123545,2,0,ZZ,7.0,999999999999,9999.0
2013016172,1,0,ZZ,7.0,,
2013035135,2,0,ZZ,7.0,999999999999,9999.0
2013047221,1,0,ZZ,7.0,999999999999,9999.0
2013052701,2,0,PA,7.0,PT2940H,2099.0
2013055308,1,0,,1.0,I,
2013055605,1,0,,7.0,A6O936,
2013062523,1,0,PA,7.0,H2540K,9999.0
2013065035,2,0,NJ,7.0,T1B146,2013.0
2013065323,3,0,M,1.0,,
2013066123,2,0,IL,7.0,T226214,2014.0
2013086747,2,0,ZZ,7.0,999999999999,9999.0
2013086807,2,0,PA,7.0,PT9YS2L,9999.0
2013091542,2,0,MI,7.0,C603173,2013.0
2013096096,1,0,ZZ,7.0,999999999999,9999.0
2013098057,1,0,NJ,8.0,TKY67C,2013.0
2013101074,2,0,ZZ,7.0,999999999999,9999.0
2013101102,1,0,,9.0,,
2013101154,1,0,TN,7.0,U2Y75I9,9999.0
2014013545,1,0,TX,7.0,XE09,9999.0
2013016105,1,0,PA,7.0,PT9795A,9999.0
2013029644,2,0,ZZ,6.0,999999999999,9999.0
2013050251,1,0,MO,7.0,I9A836,9999.0
2013053043,2,0,PA,1.0,HZ01,
2013061081,2,0,ME,7.0,153695B,2015.0
2013070121,1,0,ZZ,7.0,2I68I,9999.0
2013070348,2,0,ZZ,7.0,999999999999,9999.0
2013073313,1,0,ME,7.0,2518422,1975.0
2013077464,2,0,OR,7.0,HR96QH8,9999.0
2013080086,2,0,,9.0,,
2013084147,2,0,NC,7.0,T883202,2013.0
2013093141,1,0,ZZ,3.0,M2D5BI,9999.0
2013098417,2,0,ZZ,7.0,999999999999,9999.0
2013103918,2,0,OK,7.0,Z43YG5,9999.0
2013117633,1,0,IL,7.0,466941ST,9999.0
2013118527,1,0,NJ,7.0,TKM84C,2017.0
2014000435,2,0,ZZ,7.0,999999999999,9999.0
2014013153,1,0,ZZ,7.0,5IL08Z,2006.0
2014022792,1,0,PA,3.0,97293MG,2007.0
2013005504,2,0,PA,7.0,PT2052T,2013.0
2013031377,1,0,NJ,7.0,TLJ37Y,2016.0
2013033048,1,0,ME,7.0,35TLR5500Z,2013.0
2013035181,2,0,,9.0,,
2013036794,2,0,IN,7.0,P75621,2013.0
2013046415,1,0,,9.0,,
2013055422,2,0,ZZ,7.0,999999999999,9999.0
2013055446,2,0,ZZ,7.0,999999999999,9999.0
2013069990,2,0,NJ,7.0,TEU50W,2015.0
2013079948,1,0,ZZ,7.0,999999999999,9999.0
2013103981,1,0,NJ,7.0,T5VWA,9999.0
2013108637,2,0,NJ,7.0,TBR35S,2014.0
2013112789,1,0,PA,3.0,XCB5557,2014.0
2013129490,2,0,TN,7.0,U3928L,9999.0
2013131715,2,0,DE,7.0,T45162,2013.0
2013003497,2,0,PA,3.0,0511522,2013.0
2014001117,2,0,TN,7.0,UZ03824,2011.0
2014013137,2,0,PA,7.0,XFK3B2Y,2000.0
2013023524,2,0,ZZ,7.0,999999999999,9999.0
2013024940,2,0,,9.0,,
2013031359,2,0,PA,7.0,PT1956K,2007.0
2013031380,1,0,ME,7.0,1684399,2013.0
2013034147,2,0,ME,7.0,25TLR20673,2013.0
2013035090,3,0,PA,3.0,T3553T,
2013043403,2,0,PA,1.0,E8N3076,9999.0
2013046461,3,0,ZZ,7.0,T44778A,9999.0
2013047106,1,0,ME,7.0,2129694,2021.0
2013054367,2,0,PA,7.0,TF8637K,2014.0
2013055356,2,0,PA,3.0,XF5IYR,9999.0
2013061067,2,0,ZZ,7.0,999999999999,9999.0
2013064093,2,0,IL,7.0,T447884,2013.0
2013067751,2,0,,,IV,
2013070390,1,0,OK,7.0,73716PY,
2013077477,2,0,PA,2.0,PD2954Y,
2013078957,1,0,NC,7.0,BA40597,2013.0
2013079437,1,0,,9.0,,
2013097489,2,0,NJ,7.0,T995HB,2013.0
2013103939,1,0,PA,7.0,M252IN,9999.0
2013106761,2,0,,3.0,,
2013109451,1,0,ZZ,7.0,999999999999,9999.0
2013121119,2,0,ME,7.0,1866069,2013.0
2013125879,1,0,NJ,7.0,6I027ID,
2013126148,1,0,PA,7.0,PT5680R,2013.0
2014003852,1,0,IN,7.0,PI0727O,2000.0
2014013550,2,0,ZZ,7.0,999999999999,9999.0
2013006161,1,0,,1.0,,
2013006374,1,0,NJ,7.0,T79Y3M,2013.0
2013019966,1,0,NJ,7.0,TKN33K,2013.0
2013020199,2,0,PA,7.0,8738947,2013.0
2013022203,2,0,PA,3.0,Q8YX2,9999.0
2013036932,2,0,NJ,7.0,TCA12Z,2013.0
2013037322,2,0,PA,7.0,XGX6729,2013.0
2013041316,1,0,Z,6.0,I5LR58I,
2013050093,1,0,TN,7.0,U037701,2000.0
2013055430,1,0,,2.0,,
2013063547,2,0,ME,7.0,2331438,2013.0
2013068751,1,0,NE,7.0,232418,9999.0
2013080432,3,0,ZZ,7.0,999999999999,9999.0
2013086222,1,0,,7.0,,
2013088219,2,0,ME,7.0,16TLR8392C,2099.0
2013101016,2,0,ZZ,7.0,T4887Y7,9999.0
2013101376,1,0,PA,7.0,PT1016W,2005.0
2013106644,2,0,ZZ,6.0,AZ76542,9999.0
2013111722,2,0,ZZ,7.0,ZIE2I6,9999.0
2013131381,2,0,TN,7.0,U193026,9999.0
2014003331,2,0,IN,7.0,553164,2013.0
2014009947,2,0,NJ,7.0,TFT81R,2099.0
2013009137,1,0,WI,7.0,ST19809,2013.0
2013017681,2,0,SC,7.0,PT87562,2013.0
2013031371,3,0,NJ,3.0,T14H1L,2013.0
2013031906,1,0,OK,7.0,2323GH,2013.0
2013035009,1,0,ZZ,7.0,999999999999,9999.0
2013035222,1,0,ZZ,7.0,999999999999,9999.0
2013037099,2,0,IL,7.0,185077,2013.0
2013038696,2,0,IL,7.0,T153155,2013.0
2013041310,2,0,PA,7.0,PTW2HV,
2013054131,2,0,PA,6.0,PT4590L,2013.0
2013062979,2,0,NJ,7.0,TKX33J,2014.0
2013065467,1,0,,1.0,1,
2013070449,1,0,FL,3.0,GCT963,
2013070509,2,0,ZZ,7.0,7O870B,9999.0
2013077426,2,0,,,T,
2013080086,1,0,,9.0,,
2013096472,1,0,ZZ,7.0,999999999999,9999.0
2013101725,1,0,PA,1.0,Z8P43T,9999.0
2013103979,2,0,ZZ,7.0,999999999999,9999.0
2013115329,1,0,PA,6.0,XGN2080,2013.0
2013130085,1,0,IN,7.0,SP508E,9999.0
2018006512,1,0,NE,7.0,2433261,2018.0
2018008701,1,0,ME,7.0,2549816,2018.0
2019008278,1,0,ME,7.0,278885C,2018.0
2019017167,1,0,,2.0,,
2018027792,2,0,IN,6.0,2139464,2018.0
2018037253,1,0,ZA,7.0,999999999999,9999.0
2018037328,2,0,ZZ,7.0,999999999999,9999.0
2018042408,2,0,ME,7.0,23-8500A,2013.0
2018054879,2,0,NJ,7.0,TTT80D,2013.0
2018062818,1,0,ME,7.0,22-7336B,2017.0
2018072512,1,0,ZZ,7.0,999999999999,9999.0
2018079617,2,0,ZZ,7.0,999999999999,9999.0
2018093691,1,0,KS,7.0,597892,2019.0
2018097204,1,0,ZZ,7.0,999999999999,9999.0
2018100169,1,0,ZZ,7.0,999999999999,9999.0
2018101499,2,0,ZZ,7.0,999999999999,9999.0
2018102108,1,0,ME,7.0,204549A,2020.0
2018104011,1,0,IN,7.0,P574750,2018.0
2018107854,1,0,ZZ,7.0,99999999999,9999.0
2018130222,1,0,IN,7.0,P590875,2018.0
2018011165,2,0,ME,7.0,2553700,2025.0
2018031196,2,0,PA,7.0,PT9487Z,2018.0
2019076811,2,0,ZZ,7.0,999999999999,9999.0
2018072554,2,0,IN,6.0,P590561,2018.0
2018072794,2,0,PA,7.0,PT387C5,2008.0
2018109296,2,0,ZZ,7.0,999999999999,9999.0
2018014174,1,0,OK,7.0,4754LQ,2019.0
2019008286,2,0,PA,7.0,PT5227L,2019.0
2019032084,1,0,ME,7.0,2351490,2023.0
2018030124,2,0,,9.0,,
2018034017,3,0,OH,7.0,ZC20963,2018.0
2018040922,2,0,NJ,7.0,TTK63F,2018.0
2018044216,1,0,PA,7.0,PT007A3,2018.0
2018061314,1,0,NJ,7.0,TTT14D,2021.0
2018063907,1,0,ZZ,7.0,99999999999,9999.0
2018065586,2,0,PA,7.0,PT7471R,2019.0
2018073245,1,0,PA,7.0,MG7118D,9999.0
2018077805,1,0,ME,7.0,B632896,2019.0
2018088463,1,0,,1.0,,
2018096505,3,0,NJ,7.0,TBB 45W,2006.0
2018117755,2,0,UT,3.0,2427028,2017.0
2018122023,6,0,ZZ,7.0,999999999999,9999.0
2018133375,2,0,PA,7.0,PP993A2,2018.0
2018136549,2,0,ZZ,7.0,999999999999,9999.0
2019005924,1,0,VA,6.0,523801TL,2018.0
2019079677,1,0,NJ,3.0,TSR680,9999.0
2018018573,2,0,ME,7.0,B684655,2018.0
2018030124,1,0,,9.0,,
2018033952,2,0,ZZ,7.0,999999,2018.0
2018036840,1,0,OK,7.0,2073GN,2021.0
2018037342,1,0,,2.0,,
2018068450,1,0,PA,7.0,PT844C2,2018.0
2018072299,2,0,QC,6.0,RA0335Z,2018.0
2018088089,2,0,ME,7.0,214696D,2000.0
2018088415,2,0,,3.0,,
2018090471,2,0,ZZ,7.0,99999999999,9999.0
2018095329,1,0,ZZ,7.0,999999999999,9999.0
2018109202,1,0,NJ,7.0,TRU94G,2019.0
2018110838,2,0,ZZ,7.0,999999999999,9999.0
2018130228,2,0,TN,7.0,T221617,2099.0
2018137988,2,0,WI,7.0,656771,2018.0
2018139651,1,0,IL,7.0,664732ST,2018.0
2018016805,3,0,ME,7.0,26-49807,2017.0
2019017139,2,0,,1.0,,
2018030959,1,0,,3.0,,
2018042129,2,0,NY,7.0,BD86976,2018.0
2018054085,2,0,,3.0,,
2018059114,2,0,ZZ,7.0,999999999999,9999.0
2018076223,2,0,ZZ,7.0,999999999999,9999.0
2018080371,1,0,,3.0,,
2018092518,1,0,TN,7.0,0013287,2021.0
2018093718,1,0,TN,7.0,U012573,9999.0
2018095820,2,0,,8.0,,
2018104097,1,0,ZZ,7.0,999999999999,9999.0
2018114641,2,0,ZZ,7.0,999999999999,9999.0
2018128572,1,0,ZZ,7.0,999999999999,9999.0
2018133615,1,0,NJ,7.0,TRW64A,1996.0
2018019856,2,0,NJ,7.0,T278ZN,2099.0
2018022183,2,0,IN,7.0,P590559,9999.0
2018028641,1,0,MX,7.0,26TLR51090,2018.0
2018036612,1,0,PA,7.0,PT443A3,2030.0
2019006268,2,0,IN,7.0,P668320,2020.0
2019076813,2,0,ZZ,7.0,999999999999,9999.0
2018046526,1,0,NB,7.0,TPR829,2018.0
2018062041,2,0,HI,7.0,TRC2754,2018.0
2018088785,1,0,,6.0,UNKOWN,9999.0
2018109058,2,0,NJ,7.0,TTT38D,2019.0
2018128747,3,0,IN,7.0,P827409,2010.0
2018137988,3,0,TN,7.0,U704197,2018.0
2018013665,1,0,PA,7.0,PT9611V,2013.0
2019002004,3,0,OH,7.0,TQW3462,2019.0
2019006094,1,0,MS,7.0,100054A,2019.0
2018030121,2,0,,8.0,,
2018030370,3,0,TN,7.0,U744515,2018.0
2018032161,2,0,,8.0,,
2018050614,2,0,PA,3.0,XKM4779,2019.0
2018051011,2,0,PA,7.0,PT8581J,2018.0
2018080642,2,0,WV,7.0,C26122,2019.0
2018093112,1,0,,1.0,,
2018096318,1,0,IL,7.0,129227ST,2016.0
2018109275,2,0,ZZ,7.0,999999999,9999.0
2018118332,2,0,,3.0,,
2018121992,1,0,,8.0,,
2018127976,1,0,ZZ,7.0,999999999999,9999.0
2018136520,2,0,DE,7.0,T89860,2018.0
2018010858,2,0,TN,7.0,U110102,2018.0
2018020682,1,0,NJ,7.0,TNJ35G,9999.0
2018028822,1,0,ZZ,7.0,999999999999,9999.0
2018033297,2,0,NJ,7.0,TCC75Y,2018.0
2018037189,2,0,ME,7.0,202962B,9999.0
2018041777,1,0,PA,6.0,PT4586T,2008.0
2018047636,1,0,IL,5.0,314573L6,2018.0
2018055819,2,0,NJ,7.0,TMW75W,2014.0
2018057048,2,0,IL,7.0,T470703,2018.0
2018057620,2,0,ZZ,7.0,999999999999,9999.0
2018063939,2,0,ZZ,7.0,999999999999,9999.0
2018064171,1,0,NJ,7.0,TMU42S,2022.0
2018067568,3,0,PA,7.0,PT759A9,2002.0
2018078048,1,0,PA,6.0,AH0176,2016.0
2018093931,1,0,TX,7.0,078B921,1118.0
2018098349,2,0,TN,7.0,U670880,2018.0
2018098386,1,0,ZZ,7.0,NONE,2019.0
2018102088,1,0,ME,7.0,2833710,2018.0
2018103842,1,0,NS,7.0,PT67038,2019.0
2018115968,2,0,NJ,7.0,TPJ94L,2018.0
2018120790,1,0,GA,7.0,WBP178,2019.0
2018130240,2,0,IL,7.0,618986ST,2018.0
2018130280,3,0,IL,7.0,537274ST,2015.0
2018136305,1,0,ZZ,7.0,999999999999,2019.0
2018137171,2,0,ZZ,7.0,999999999999,9999.0
2018023063,1,0,PA,6.0,XHD8774,2008.0
2018025349,1,0,PA,7.0,PT8877P,2018.0
2018025438,2,0,PA,7.0,ZKV3476,2018.0
2018030043,1,0,ZZ,7.0,999999999,9999.0
2018038714,1,0,TN,6.0,U649723,2018.0
2019008280,2,0,GA,7.0,WIJ739,2018.0
2018046836,1,0,NJ,6.0,TTC65Y,2018.0
2018054103,2,0,ZZ,7.0,999999999999,9999.0
2018054875,1,0,ME,7.0,21TLR98488,2016.0
2018059050,1,0,ME,7.0,203164D,2029.0
2018066636,2,0,PA,7.0,PT5183W,2020.0
2018071667,2,0,ZZ,7.0,999999999999,9999.0
2018074245,2,0,NJ,7.0,TCU83G,2019.0
2018076300,2,0,NJ,7.0,TPX94P,2019.0
2018077300,1,0,QC,6.0,M2054S,2018.0
2018077804,2,0,NJ,7.0,TTE64Y,2019.0
2018087065,1,0,,3.0,,
2018097316,2,0,KS,7.0,630889,2007.0
2018114624,2,0,ME,7.0,2170772,1997.0
2018131294,2,0,PA,2.0,XDT2146,2019.0
2018133953,2,0,NJ,7.0,TPT95G,2019.0
2018136226,2,0,OH,7.0,TQY6272,2019.0
2018138186,1,0,ZZ,7.0,999999999999,9999.0
2019076068,2,0,ZZ,7.0,999999999999,9999.0
2018018573,1,0,IN,7.0,P755558,2018.0
2018020323,1,0,MN,7.0,1776STJ,9999.0
2018023138,1,0,ZZ,7.0,99999,2018.0
2018025061,1,0,GA,6.0,LE38441,2018.0
2018032210,2,0,,1.0,,
2018042638,1,0,ZZ,7.0,9999999999,9999.0
2018043577,1,0,TN,7.0,U014094,2018.0
2018054244,2,0,,8.0,,
2018060530,1,0,NJ,7.0,TMP540,2018.0
2018062059,1,0,IN,7.0,1898KP,2018.0
2018066486,2,0,TN,7.0,U007936,2018.0
2018067450,2,0,,9.0,,
2018068462,1,0,OK,7.0,7441HA,2025.0
2018069638,2,0,PA,7.0,PT8032P,2020.0
2018072476,2,0,ZZ,7.0,999999999999,9999.0
2018075392,2,0,CA,7.0,4PZ4311,2022.0
2018091097,1,0,NJ,7.0,632FXD,2018.0
2018108835,1,0,IN,7.0,P689759,2018.0
2018110829,2,0,,8.0,,
2018126575,1,0,ZF,3.0,5FZ2819,2019.0
2018127462,1,0,,9.0,,
2018129422,3,0,,6.0,,
2018139188,2,0,TN,7.0,U913577,2019.0
2018003695,1,0,PA,7.0,PT4077Z,2018.0
2018006503,1,0,TX,7.0,009D768,2008.0
2018025430,1,0,ZZ,7.0,999999999999,9999.0
2018029866,6,0,ZZ,7.0,999999999,9999.0
2018031497,1,0,ME,7.0,B711262,2018.0
2019000024,2,0,TN,7.0,U783831,2019.0
2018046143,1,0,MI,7.0,D491324,2017.0
2018047064,2,0,NJ,6.0,TSM36V,2018.0
2018051518,1,0,ME,7.0,217455C,2018.0
2018054047,1,0,ZZ,7.0,999999999999,9999.0
2018068604,2,0,MD,3.0,40976TL,2018.0
2018091623,5,0,ME,7.0,2281570,2020.0
2018096532,2,0,TN,7.0,U596235,2016.0
2018100641,1,0,ZZ,7.0,999999999999,9999.0
2018110252,1,0,ME,6.0,2834658,2019.0
2018112381,1,0,ME,7.0,209547C,2001.0
2018130403,1,0,,1.0,,
2018133432,2,0,,2.0,,
2018015148,1,0,ZZ,7.0,999999999999,9999.0
2019002539,1,0,ME,7.0,2065576,2019.0
2018031036,1,0,ZZ,7.0,99999999999,9999.0
2018041763,1,0,NJ,3.0,TSR670,2018.0
2018047472,2,0,NJ,7.0,AE123,1997.0
2018048900,1,0,OK,7.0,6055KF,2009.0
2018054230,2,0,ZZ,7.0,999999999999,9999.0
2018057498,1,0,NC,7.0,AC82243,2018.0
2018063939,1,0,ZZ,7.0,999999999999,9999.0
2018074908,1,0,PA,7.0,MG9992J,2020.0
2018088346,1,0,MI,7.0,DO69744,2019.0
2018089919,1,0,ME,7.0,1880283,2018.0
2018090905,3,0,,8.0,,
2018095926,2,0,ZZ,7.0,9999999,9999.0
2018113901,1,0,ME,7.0,2526040,2025.0
2018122806,1,0,PA,7.0,PT8774Y,2015.0
2018129890,2,0,FL,7.0,1045CQ,2019.0
2018133433,1,0,,1.0,,
2018136501,2,0,,8.0,,
2018136812,1,0,ME,7.0,232868C,2019.0
2015015045,1,0,IN,7.0,P258436,2015.0
2015038569,2,0,ZZ,7.0,99999999999,9999.0
2016000986,1,0,NJ,6.0,TNN97H,2014.0
2016002637,1,0,ZZ,7.0,999999999999,9999.0
2015051607,1,0,MO,6.0,869914,2015.0
2015051615,2,0,PA,7.0,PT6023N,2015.0
2015056675,1,0,PA,7.0,PT9473W,2017.0
2015057747,1,0,TN,7.0,U109786,9999.0
2015061723,2,0,ZZ,7.0,999999999999,9999.0
2015066278,1,0,,9.0,,
2015068038,1,0,OK,7.0,2124FP,2015.0
2015084037,1,0,ME,7.0,1955223,2015.0
2015084464,2,0,CA,7.0,999999999999,9999.0
2015088663,1,0,ZZ,7.0,2I85Y5,9999.0
2015097609,2,0,ME,7.0,1885927,2016.0
2015105110,2,0,FL,7.0,9368CQ,2015.0
2015106201,1,0,PA,7.0,PT7534V,2016.0
2015116479,1,0,MN,7.0,5981STK,2016.0
2015010680,2,0,NJ,7.0,TKN41H,2015.0
2015020868,1,0,ZZ,7.0,999999999999,9999.0
2015036564,2,0,NJ,7.0,1IEHY7JW,9999.0
2016007633,1,0,,7.0,,
2015049118,1,0,ZZ,7.0,TM54Z,9999.0
2015054362,1,0,,3.0,TKVMY,
2015059109,1,0,ZZ,7.0,BTW88,9999.0
2015066332,2,0,IN,7.0,P46403,9999.0
2015069671,1,0,FL,7.0,729SU,9999.0
2015073630,1,0,ZZ,7.0,999999999999,9999.0
2015075827,3,0,PA,8.0,KJW787,9999.0
2015088791,2,0,MN,7.0,U56865Z,
2015095333,2,0,PA,7.0,PT8421T,2016.0
2015097628,1,0,PA,7.0,PT7958F,2016.0
2015102014,1,0,,7.0,W50QVIGBB5Y,9999.0
2015106223,2,0,PA,7.0,XJR9023,2016.0
2015106404,1,0,TN,7.0,999999999999,9999.0
2015107438,1,0,ZZ,7.0,999999999999,9999.0
2015117671,3,0,ZZ,7.0,999999999999,9999.0
2015125280,2,0,ZZ,7.0,999999999999,9999.0
2015125392,1,0,OK,7.0,7298LP,2015.0
2015133905,2,0,TN,7.0,T702766,2014.0
2015134401,1,0,PA,6.0,PT6152VV,2007.0
2015003435,2,0,ON,7.0,F3131R,2015.0
2015009597,1,0,,,IVIK,
2015017942,1,0,,1.0,,
2015020741,2,0,IN,7.0,TM49970,
2015045227,3,0,ZZ,7.0,999999999999,9999.0
2016000966,2,0,NJ,6.0,TPH98U,2016.0
2015051466,1,0,,9.0,,
2015051613,2,0,PA,7.0,PT3151Z,2015.0
2015058167,2,0,PA,7.0,PT1919C,2015.0
2015069676,1,0,PA,1.0,JF80847,
2015084833,1,0,ZZ,7.0,999999999999,9999.0
2015085319,3,0,ME,7.0,I86203,2000.0
2015092053,1,0,IN,7.0,S8759AB,9999.0
2015103326,2,0,,1.0,,
2015108076,2,0,NJ,7.0,TNM20E,2015.0
2015115039,1,0,ZZ,7.0,999999999999,9999.0
2015115115,1,0,MN,7.0,2589P,9999.0
2015124231,1,0,OK,7.0,6307KS,2016.0
2015006246,1,0,OR,7.0,HS51043,2015.0
2015012347,2,0,NJ,6.0,TNR48B,2015.0
2015012711,1,0,ZZ,7.0,4P590X,9999.0
2015018278,2,0,PA,7.0,PT6810V,9999.0
2015028864,2,0,ZZ,7.0,999999999999,9999.0
2015031056,1,0,NE,7.0,11573C,2013.0
2015031191,2,0,PA,6.0,XV28127,2000.0
2015033333,1,0,ZG,6.0,19Z131,2015.0
2015035064,1,0,ME,7.0,19-90803,2019.0
2016005068,1,0,,6.0,,
2015052376,1,0,PA,3.0,XCE9748,2016.0
2015052386,1,0,ME,7.0,1992392,2006.0
2015071479,2,0,ZZ,7.0,UNKNOWN,2099.0
2015077839,2,0,OK,7.0,5337KS,9999.0
2015084037,2,0,ME,7.0,1784502,2015.0
2015092999,2,0,,,L,
2015096339,1,0,TN,7.0,U405896,2016.0
2015106191,2,0,ME,7.0,7321405,2015.0
2015108884,2,0,TN,7.0,U045818,2007.0
2015118151,2,0,OK,7.0,6522W,9999.0
2015128702,1,0,PA,6.0,XJM27Q,2015.0
2015130276,2,0,ZZ,7.0,999999999999,9999.0
2015131469,2,0,PA,7.0,PT8508Z,2016.0
2015133736,1,0,,1.0,I4I,
2015135848,1,0,,2.0,,
2015008685,1,0,MO,7.0,3566PF,2015.0
2015015646,2,0,ZZ,7.0,999999999999,9999.0
2015018204,2,0,TN,7.0,U12526,2015.0
2016000967,1,0,ZZ,7.0,999999999999,9999.0
2016007562,2,0,,9.0,,
2016013831,2,0,ZZ,6.0,UNKNOWN,
2015051437,2,0,ZZ,7.0,999999999999,9999.0
2015070186,2,0,,8.0,,
2015070270,1,0,ME,6.0,1951930,2016.0
2015072968,2,0,NJ,7.0,TFL80M,2015.0
2015074989,1,0,NJ,7.0,TNX38A,2016.0
2015081304,2,0,TN,7.0,T959384,2016.0
2015083436,1,0,OH,7.0,TQK4U5,
2015084040,2,0,ME,7.0,2335340,2015.0
2015088804,2,0,,7.0,U0IWWJ,
2015099000,2,0,ZZ,7.0,999999999999,9999.0
2015102062,2,0,NE,7.0,236987,2015.0
2015102067,1,0,OK,7.0,1982LT,2015.0
2015106451,1,0,PA,7.0,PT6322J,2014.0
2015108088,4,0,NY,7.0,10606,2009.0
2015118179,2,0,PA,7.0,PT5YJN,2016.0
2015133816,1,0,PA,3.0,XGJ6753,2016.0
2015001668,2,0,WI,7.0,509337,2015.0
2015012358,2,0,,,I,
2015033126,3,0,ME,7.0,1758538,2015.0
2015041830,1,0,TN,7.0,U166008,1995.0
2015052345,1,0,PA,7.0,6628063,2015.0
2015052368,1,0,PA,7.0,PT9545A,2015.0
2015056631,2,0,ME,7.0,2637474,2014.0
2015063217,2,0,TN,7.0,U269753,2016.0
2015065448,2,0,VA,7.0,999999999999,9999.0
2015067923,1,0,NE,7.0,G04J98,9999.0
2015086243,1,0,ZZ,3.0,999999999999,9999.0
2015088499,1,0,AL,6.0,1UTB5294,2019.0
2015095800,1,0,IL,7.0,328919ST,2015.0
2015106204,1,0,ME,7.0,1764282,2016.0
2015112114,1,0,,8.0,,
2015125373,2,0,IL,6.0,503393ST,2016.0
2015125395,1,0,TN,7.0,T656618,2016.0
2015129979,2,0,ME,7.0,IRL2QH2,2016.0
2015134401,2,0,CA,6.0,4HK5596,1999.0
2015003236,1,0,IN,7.0,P174053,2015.0
2015012421,1,0,ZZ,7.0,8AH84,9999.0
2015030108,2,0,ID,6.0,TF4777,2015.0
2015033139,2,0,ME,7.0,1935422,2015.0
2015043218,4,0,ZZ,7.0,999999999999,9999.0
2015049024,1,0,PA,3.0,X40050H,9999.0
2015054408,1,0,,2.0,,
2015061245,1,0,ME,7.0,2327300,2023.0
2015067255,3,0,TN,7.0,U427506,2016.0
2015067923,2,0,,,O,
2015073210,2,0,PA,6.0,XFY3447,2015.0
2015080667,1,0,PA,7.0,,
2015091173,1,0,,9.0,0IA,
2015099075,2,0,NE,7.0,139616,2015.0
2015114588,1,0,ZZ,7.0,999999999999,9999.0
2015126541,2,0,PA,8.0,MG9935A,2099.0
2015129093,2,0,ME,6.0,1689342,2015.0
2015004985,2,0,NY,7.0,1315C8,2015.0
2015011936,2,0,PA,7.0,XJF5600,2015.0
2015018215,1,0,ME,7.0,167024B,2015.0
2015020761,2,0,,2.0,,
2015035130,2,0,,1.0,IVII,
2015036553,1,0,ML,7.0,189Y24,9999.0
2015036747,2,0,SD,7.0,91399,2012.0
2016001590,1,0,ZZ,3.0,UNKNOWN,2099.0
2015059189,1,0,NJ,7.0,THB52G,1998.0
2015078268,1,0,IA,7.0,999999999999,9999.0
2015084003,2,0,NJ,7.0,TKX86E,2015.0
2015086200,1,0,,8.0,,
2015091068,2,0,ZZ,3.0,XW2905,9999.0
2015092068,1,0,ZZ,7.0,999999999999,9999.0
2015092556,1,0,NJ,7.0,TFE59K,2015.0
2015099815,2,0,AZ,3.0,0741B,2015.0
2015105099,2,0,ZZ,7.0,999999999999,9999.0
2015106412,2,0,ZZ,7.0,999999999999,9999.0
2015127296,2,0,ZZ,7.0,215174,9999.0
2015130120,1,0,ZZ,7.0,999999999999,9999.0
2015131261,3,0,ZZ,7.0,999999999999,9999.0
2015009606,1,0,,1.0,,
2015021919,1,0,,1.0,I,
2015025095,2,0,,1.0,,
2015027417,1,0,NJ,7.0,TEH51L,2016.0
2015028792,2,0,ME,7.0,I837Y77,9999.0
2015038241,2,0,NJ,6.0,THP72D,2018.0
2015038386,1,0,PA,7.0,J96462J,2015.0
2016000997,1,0,ZZ,7.0,999999999999,9999.0
2015051474,1,0,ZZ,7.0,MA7W,9999.0
2015054816,2,0,OH,7.0,TPK6401,2016.0
2015067924,1,0,FL,7.0,NSYCL,9999.0
2015073659,1,0,,1.0,,
2015097625,2,0,IN,7.0,144148,2014.0
2015106457,1,0,ZZ,7.0,999999999999,9999.0
2015131405,1,0,IN,7.0,9410169,2015.0
2015133902,2,0,TN,7.0,U355337,2013.0
2015012358,1,0,,,I,
2015016740,2,0,OH,3.0,TPH8895,2015.0
2015040405,2,0,NJ,7.0,TGB27C,2015.0
2015043336,3,0,ZZ,7.0,999999999999,9999.0
2015045376,2,0,ZZ,7.0,99999999999,9999.0
2015049098,3,0,ZZ,7.0,999999999999,9999.0
2016002347,2,0,ZZ,7.0,9999999999,9999.0
2015070272,2,0,NC,7.0,U535981,2016.0
2015074577,2,0,ZZ,7.0,999999999999,9999.0
2015080271,1,0,,1.0,4,
2015089225,2,0,NJ,7.0,TNX17G,2013.0
2015092564,2,0,NC,6.0,CD66311,2015.0
2015106414,2,0,GA,7.0,UAZ670,1995.0
2015108088,1,0,IL,7.0,172266ST,2015.0
2015108791,2,0,ZZ,7.0,999999999999,9999.0
2015115044,2,0,,1.0,,
2015011936,1,0,ZZ,7.0,UNKNOWN,2099.0
2015018204,1,0,TN,7.0,U352785,2015.0
2015018215,3,0,ZZ,7.0,999999999999,9999.0
2015039531,1,0,,3.0,,
2015042775,2,0,IN,7.0,TG96NG,9999.0
2015043344,1,0,IL,7.0,T351749,2015.0
2015045549,2,0,MS,7.0,026224A,2015.0
2016005077,2,0,ZZ,7.0,999999999999,9999.0
2016005077,3,0,ZZ,7.0,999999999999,9999.0
2015056639,2,0,ME,7.0,1948503,1993.0
2015061769,2,0,ZZ,7.0,99999999999,9999.0
2015064509,1,0,PA,7.0,PT0017R,2006.0
2015066226,1,0,IL,7.0,H64H6ST,9999.0
2015070616,2,0,,3.0,,
2015073262,2,0,ZZ,7.0,999999999999,9999.0
2015084001,2,0,NJ,7.0,TKP22J,2018.0
2015095895,2,0,NJ,3.0,T953XV,2016.0
2015096348,1,0,IL,7.0,282468ST,2015.0
2015108088,3,0,NJ,7.0,T416FP,1988.0
2015115260,2,0,ID,7.0,TG1039,2015.0
2015126282,2,0,NJ,7.0,T3W957,2016.0
2015129048,2,0,NJ,7.0,TKR-13E,2016.0
2015131216,1,0,ME,7.0,1855041,2018.0
2015012319,2,0,NJ,7.0,YILRM80D,9999.0
2015017942,2,0,,1.0,,
2015025113,1,0,,1.0,,
2015036695,1,0,ME,7.0,BI3937I,9999.0
2015042837,1,0,,9.0,,
2015042952,2,0,PA,6.0,PT7326X,2015.0
2015051425,1,0,ZZ,7.0,999999999999,9999.0
2015051610,5,0,ZG,7.0,AF02552,2015.0
2015059190,2,0,NJ,7.0,8738963,2016.0
2015060608,1,0,NJ,7.0,TNE70Y,2018.0
2015061838,2,0,,3.0,,
2015069748,2,0,ZZ,7.0,TJE82H,9999.0
2015073253,2,0,ME,7.0,25U37W,9999.0
2015086251,1,0,AB,,,
2015087584,2,0,KS,7.0,510829,2007.0
2015096327,3,0,PA,7.0,PT2827J,2016.0
2015108095,1,0,PA,7.0,PT6410M,2015.0
2015120615,2,0,OK,7.0,2286KB,2014.0
2015133759,2,0,ZZ,7.0,999999999999,9999.0
2021015808,1,0,,9.0,,
2021039735,2,0,IL,7.0,T523845,2022.0
2021054418,1,0,ZZ,9.0,UNKNOWN,2022.0
2021056627,1,0,ZZ,7.0,999999,2021.0
2021108906,2,1,PA,7.0,PT890M6,2022.0
2021112685,1,1,OH,7.0,TRU3471,2022.0
2021112981,3,1,PA,3.0,XLV1316,2021.0
2021114309,1,1,WA,7.0,96750AB,2009.0
2021005435,2,0,NY,7.0,BP64865,2021.0
2021019520,2,0,ME,7.0,3020370,2022.0
2021027804,1,0,PA,7.0,PT8726Z,2016.0
2021093355,1,1,TN,7.0,U624430,2022.0
2021101252,1,0,ME,6.0,371008Z,2021.0
2021116485,1,1,VA,3.0,162864TM,2021.0
2021106638,1,0,NJ,7.0,TJZ34J,2023.0
2021106705,2,1,VT,7.0,ATM852,2022.0
2021118848,2,0,ZZ,7.0,207132,2007.0
2021026825,1,0,ZZ,7.0,999999999999,2021.0
2021008285,2,0,IL,7.0,683490ST,2019.0
2021077889,1,0,ME,7.0,2933741,2023.0
2021035532,1,0,,8.0,,
2021037564,1,0,OK,7.0,5848KQ,2021.0
2021044728,3,0,IL,7.0,623601,2021.0
2021097884,1,0,PA,7.0,PT7118P,2021.0
2021002307,1,0,ME,7.0,2379869,2002.0
2021032973,2,0,PA,7.0,PT548D8,2021.0
2021006598,2,0,OK,7.0,9556LO,2021.0
2021076440,2,0,PA,7.0,PT385F9,2022.0
2021066648,1,0,ME,7.0,271745Z,2021.0
2021059176,1,0,NC,3.0,AK74651,2021.0
2021073695,2,0,NJ,7.0,TWL38C,2020.0
2021069839,3,0,PA,8.0,XKX8166,2018.0
2021097490,2,1,PA,7.0,PT497B8,2021.0
2021062330,1,0,CA,7.0,4TZ7972,2021.0
2021067592,2,0,OK,7.0,BD3372,2019.0
2021106155,2,0,PA,8.0,XKR7663,2022.0
2021120420,1,1,GA,7.0,XDY804,2020.0
2022006108,1,1,ZZ,7.0,099999999999,9999.0
2021026826,2,0,ME,7.0,261851B,2021.0
2021031761,1,0,ME,7.0,2680637,2026.0
2021108906,1,1,NJ,3.0,TXK33V,2022.0
2021106038,3,1,PA,7.0,PT963H1,2022.0
2021121073,1,0,TN,7.0,063356T,2022.0
2022002816,2,0,ME,6.0,42TLR9209Z,2022.0
2021003566,1,0,ME,7.0,259173C,2001.0
2021050216,1,0,ME,7.0,2849668,2028.0
2021007298,2,0,NJ,6.0,TMM44N,2014.0
2021079631,2,0,PA,7.0,ZSX6628,2021.0
2021092177,1,1,PA,6.0,XJF1734,2022.0
2021097633,1,1,ME,7.0,227155D,2018.0
2021101833,1,1,ME,7.0,3015882,2008.0
2021069341,2,0,PA,8.0,XGM6163,2021.0
2021111502,1,1,OH,7.0,J861466,2021.0
2021067592,1,0,PA,7.0,3728794,2013.0
2021090696,2,0,NJ,7.0,AW580V,2021.0
2021049634,1,0,IN,7.0,P738485,2021.0
2021039382,2,0,WV,7.0,C385-797,2021.0
2021046140,2,0,PA,3.0,97293MG,2024.0
2021030543,2,0,NJ,7.0,TNH41B,2022.0
2021026203,2,0,NJ,7.0,TWM28X,2021.0
2021014053,2,0,OR,7.0,HR68824,2022.0
2021022708,3,0,NE,7.0,W34291,2021.0
2021023661,3,0,VT,7.0,88D97,2021.0
2021006744,1,0,IN,7.0,P748013,2021.0
2021015245,3,0,IN,7.0,2524087,2019.0
2021041573,2,0,PA,7.0,PT213L9,2021.0
2021037256,2,0,PA,7.0,PT177H4,9999.0
2021053771,1,0,NJ,7.0,TJU40W,2023.0
2021034391,1,0,PA,7.0,XLT8835,2022.0
2021126016,2,0,PA,6.0,XLY5228,2005.0
2021119805,2,1,,3.0,,
2021123480,2,1,,7.0,,
2021087502,2,1,ZZ,9.0,UNKNOWN,2000.0
2021120661,2,1,PA,7.0,MG7706F,2011.0
2021023831,1,0,NJ,7.0,TVR73K,2006.0
2021018806,2,0,NJ,7.0,TRP60S,2021.0
2021045899,3,0,TN,7.0,T684459,2021.0
2021034081,2,0,PA,6.0,PT915K7,2021.0
2021070548,2,0,NJ,7.0,TNM68V,2007.0
2021082423,2,0,NJ,7.0,THP59X,2021.0
2021083185,1,0,PA,3.0,MG7884M,2014.0
2021016533,1,0,PA,7.0,PT464E2,2021.0
2021008998,2,0,ME,6.0,3821930,2022.0
2021014305,2,0,ZZ,7.0,999999999999,9999.0
2021041431,2,0,ME,7.0,W26232,2021.0
2021016136,2,0,OK,7.0,BJ6699,2018.0
2021010748,2,0,NY,7.0,1380C4,2024.0
2021077890,1,0,ME,7.0,273791A,2021.0
2021107716,1,0,ME,7.0,243384F,2021.0
2021024512,1,0,TN,7.0,U699860,2022.0
2021027749,1,0,ME,7.0,B434159,2015.0
2021074589,2,0,TN,6.0,U865600,2099.0
2021066654,2,0,PA,6.0,XMN5040,2022.0
2021065169,2,0,TN,7.0,U573833,2021.0
2021080861,1,1,NJ,3.0,TVR12M,2007.0
2021075798,1,0,ME,8.0,30 35834,1999.0
2021109153,3,0,IL,7.0,707658ST,2021.0
2021108105,1,0,ME,7.0,244379E,2022.0
2021081674,1,0,IN,7.0,P348832,2021.0
2021024448,1,0,OR,7.0,HU70866,2013.0
2021006001,2,0,ZZ,7.0,999999999999,9999.0
2021101409,2,1,IN,7.0,P590559,2021.0
2021028950,2,0,PA,6.0,PT515F3,2021.0
2021041883,2,0,NE,7.0,27456W,2021.0
2021092736,2,0,NJ,7.0,TYD87Y,2022.0
2021092899,3,1,MX,8.0,25TLR4683G,2020.0
2021100684,1,0,SC,7.0,71247PT,2020.0
2021101409,3,1,PA,7.0,AG84920,2021.0
2021101688,1,1,PA,3.0,XLV0293,2022.0
2021087537,2,0,PA,7.0,999,2013.0
2021090694,2,0,PA,6.0,PT449M4,2009.0
2021015536,2,0,NJ,7.0,TKH44C,2024.0
2021015919,1,0,NC,7.0,AY32473,2021.0
2021028800,1,0,PA,7.0,PT259G9,2021.0
2021085515,2,0,TN,7.0,U787649,2018.0
2021079977,1,0,ME,6.0,365655Z,2022.0
2021088096,2,0,PA,7.0,,2021.0
2021103666,2,0,LA,7.0,L948805,2022.0
2021021122,2,0,NJ,7.0,TTU32X,2022.0
2021041063,2,0,IL,7.0,600876ST,2023.0
2021102235,1,1,NJ,7.0,TVF70M,2022.0
2021063588,2,0,NJ,3.0,T48G3P,2021.0
2021104056,3,1,PA,6.0,XLB3936,2000.0
2021115696,1,1,PA,7.0,PT372M7,2022.0
2021118109,2,0,TX,7.0,152B540,2021.0
2021120596,2,1,ME,7.0,2929945,2029.0
2021015537,1,0,IL,7.0,620606ST,2022.0
2021009091,1,0,NJ,7.0,TWH95L,2005.0
2021004342,2,0,SC,7.0,50563PT,2021.0
2021072347,2,1,NJ,6.0,TWH23L,2020.0
2021030125,2,0,PA,7.0,NONE,2021.0
2021060511,1,0,ME,7.0,2399843,2019.0
2021064350,2,0,ME,7.0,B270136,2022.0
2021101777,1,1,PA,7.0,PT699D2,2021.0
2021092404,3,1,PA,7.0,AG82821,2021.0
2022001181,2,1,PA,7.0,0610359,2021.0
2021007929,2,0,ME,7.0,299187,2029.0
2021035728,2,0,PA,7.0,PT3872X,2024.0
2021054410,1,0,QC,7.0,RK6032M,2021.0
2021105317,2,1,PA,7.0,PT8896V,2023.0
2021119792,1,1,IL,7.0,509956ST,2021.0
2021119795,1,0,TN,7.0,U242771,2024.0
2021008055,1,0,PA,7.0,PT410C2,2021.0
2021013939,2,0,ZZ,7.0,9999999999,9999.0
2021021180,1,0,TX,7.0,176B538,2020.0
2021002279,1,0,OK,7.0,BU8302,2021.0
2021041624,1,0,PA,7.0,XMG5457,2021.0
2021037264,2,0,IL,6.0,T279641,2022.0
2021074920,2,0,PA,7.0,XLW2062,2022.0
2021121070,2,0,PA,3.0,XKJ4932,2022.0
2021007049,2,0,NJ,7.0,TXD92X,2022.0
2021018430,2,0,MI,7.0,D768633,2022.0
2021065774,3,0,NJ,7.0,AT314U,2002.0
2021070389,2,0,IL,7.0,T498664,2023.0
2021062017,1,0,TN,7.0,T777987,1994.0
2021086018,2,0,PA,7.0,PT766J9,2020.0
2021015537,3,0,NJ,7.0,TKH44C,2022.0
2022000561,2,1,PA,8.0,PT005D3,2021.0
2021048565,2,0,PA,7.0,PT008A2,2022.0
2021059189,1,0,NC,3.0,AL23789,2020.0
2021058735,1,0,PA,7.0,PT1076Z,2023.0
2021058740,2,0,ME,7.0,3020408,2030.0
2021084725,1,0,OH,7.0,TSC7302,2021.0
2021091479,3,0,IN,7.0,P715169,2020.0
2021103380,2,0,MX,7.0,2585918,2025.0
2021114758,1,0,FL,7.0,QA67GL,2004.0
2021120790,4,1,,6.0,,
2021008924,2,0,GA,7.0,WCQ954,2021.0
2021044432,2,0,ME,7.0,22TRL80318,2022.0
2021013295,5,0,PA,8.0,NONE,2000.0
2021041082,1,0,NJ,7.0,TWX73B,2021.0
2021069842,2,0,IN,7.0,P706433,2021.0
2021106662,2,0,MO,7.0,48K4CH,2012.0
2021080137,1,0,IL,7.0,699605,2014.0
2022003842,1,1,OK,7.0,9182LH,2016.0
2021018270,1,0,NJ,7.0,TNG19X,2021.0
2021023915,2,0,ZZ,7.0,999999999999,9999.0
2021035524,2,0,PA,7.0,XM75744,2021.0
2021030545,2,0,PA,7.0,PT406L5,2021.0
2021064398,1,0,OK,7.0,2162JX,2006.0
2021088460,2,0,PA,1.0,JME3713,2021.0
2021112981,2,1,PA,7.0,XLV1316,2021.0
2021102850,1,0,ME,7.0,272414A,2022.0
2022001181,1,1,PA,6.0,PT704F1,2006.0
2021030419,1,0,PA,2.0,170,2021.0
2021002285,2,0,IN,7.0,P227251,2021.0
2021053625,1,0,MS,7.0,137707A,2021.0
2022005030,2,0,NY,7.0,BR94922,2022.0
2021017341,1,0,ZZ,6.0,999999999999,2021.0
2021018183,2,0,ME,7.0,3126976,2021.0
2021022965,2,0,TN,7.0,U627284,2021.0
2021023559,1,0,MX,7.0,2650893,2023.0
2021028328,1,0,ME,7.0,256254B,2020.0
2021039831,1,0,PA,7.0,PT0503L,2021.0
2021022504,2,0,PA,7.0,PT257H4,2023.0
2021065774,2,0,TN,7.0,115065T,2021.0
2021073552,2,0,TN,7.0,U859634,2023.0
2021052414,2,0,ME,7.0,2925110,2022.0
2021105739,2,1,TN,7.0,U507605,2022.0
